2025-08-29 08:17:36,255 - Knowledge - INFO - Redis support added with prefix knowledge:b9117v4:
2025-08-29 08:17:36,815 - Knowledge - INFO - load persisted knowledge: begin
2025-08-29 08:17:36,821 - Knowledge - INFO - load persisted knowledge: end
2025-08-29 08:17:36,821 - Knowledge - INFO - load persisted docinfo: begin
2025-08-29 08:17:36,823 - Knowledge - INFO - load persisted docinfo: end
2025-08-29 08:17:36,975 - Knowledge - INFO - worker kw1 created with dedicated MongoDB connection (total: 1)
2025-08-29 08:17:36,976 - Knowledge - INFO - knowledge worker kw1 start
2025-08-29 08:17:36,977 - Knowledge - INFO - worker kw1 pull /app/data/b2c/13862/b9117v4/meta-rdk-13862/recipes-test/hello/files/hello.c from ingest queue
2025-08-29 08:17:36,978 - Knowledge - INFO - worker kw2 created with dedicated MongoDB connection (total: 2)
2025-08-29 08:17:36,978 - Knowledge - INFO - knowledge worker kw2 start
2025-08-29 08:17:36,979 - Knowledge - INFO - worker kw2 pull /app/data/b2c/13862/b9117v4/meta-rdk-13862/recipes-test/hello/files/run-hello-app.sh from ingest queue
2025-08-29 08:17:36,981 - Knowledge - INFO - worker kw3 created with dedicated MongoDB connection (total: 3)
2025-08-29 08:17:36,982 - Knowledge - INFO - knowledge worker kw3 start
2025-08-29 08:17:36,983 - Knowledge - INFO - worker kw3 pull /app/data/b2c/13862/b9117v4/meta-rdk-13862/recipes-test/leakcheck-msg/files/utility.c from ingest queue
2025-08-29 08:17:36,985 - Knowledge - INFO - worker kw4 created with dedicated MongoDB connection (total: 4)
2025-08-29 08:17:36,985 - Knowledge - INFO - knowledge worker kw4 start
2025-08-29 08:17:36,986 - Knowledge - INFO - worker kw5 created with dedicated MongoDB connection (total: 5)
2025-08-29 08:17:36,987 - Knowledge - INFO - knowledge worker kw5 start
2025-08-29 08:17:36,987 - Knowledge - INFO - worker kw6 created with dedicated MongoDB connection (total: 6)
2025-08-29 08:17:36,990 - Knowledge - INFO - knowledge worker kw6 start
2025-08-29 08:17:36,991 - Knowledge - INFO - worker kw7 created with dedicated MongoDB connection (total: 7)
2025-08-29 08:17:36,992 - Knowledge - INFO - knowledge worker kw7 start
2025-08-29 08:17:36,992 - Knowledge - INFO - worker kw7 pull /app/data/b2c/13862/b9117v4/meta-rdk-13862/recipes-test/leakcheck-msg/files/msgq_receive.c from ingest queue
2025-08-29 08:17:36,995 - Knowledge - INFO - worker kw8 created with dedicated MongoDB connection (total: 8)
2025-08-29 08:17:36,996 - Knowledge - INFO - knowledge worker kw8 start
2025-08-29 08:17:36,997 - Knowledge - INFO - worker kw9 created with dedicated MongoDB connection (total: 9)
2025-08-29 08:17:36,998 - Knowledge - INFO - knowledge worker kw9 start
2025-08-29 08:17:37,000 - Knowledge - INFO - worker kw10 created with dedicated MongoDB connection (total: 10)
2025-08-29 08:17:37,000 - Knowledge - INFO - knowledge worker kw10 start
2025-08-29 08:17:37,002 - Knowledge - INFO - worker kw11 created with dedicated MongoDB connection (total: 11)
2025-08-29 08:17:37,002 - Knowledge - INFO - knowledge worker kw11 start
2025-08-29 08:17:37,003 - Knowledge - INFO - worker kw12 created with dedicated MongoDB connection (total: 12)
2025-08-29 08:17:37,004 - Knowledge - INFO - knowledge worker kw12 start
2025-08-29 08:17:37,005 - Knowledge - INFO - worker kw13 created with dedicated MongoDB connection (total: 13)
2025-08-29 08:17:37,005 - Knowledge - INFO - knowledge worker kw13 start
2025-08-29 08:17:37,006 - Knowledge - INFO - worker kw14 created with dedicated MongoDB connection (total: 14)
2025-08-29 08:17:37,007 - Knowledge - INFO - knowledge worker kw14 start
2025-08-29 08:17:37,009 - Knowledge - INFO - worker kw15 created with dedicated MongoDB connection (total: 15)
2025-08-29 08:17:37,010 - Knowledge - INFO - knowledge worker kw15 start
2025-08-29 08:17:37,010 - Knowledge - INFO - worker kw16 created with dedicated MongoDB connection (total: 16)
2025-08-29 08:17:37,011 - Knowledge - INFO - knowledge worker kw16 start
2025-08-29 08:17:37,012 - Knowledge - INFO - worker kw17 created with dedicated MongoDB connection (total: 17)
2025-08-29 08:17:37,012 - Knowledge - INFO - knowledge worker kw17 start
2025-08-29 08:17:37,013 - Knowledge - INFO - worker kw18 created with dedicated MongoDB connection (total: 18)
2025-08-29 08:17:37,014 - Knowledge - INFO - knowledge worker kw18 start
2025-08-29 08:17:37,014 - Knowledge - INFO - worker kw19 created with dedicated MongoDB connection (total: 19)
2025-08-29 08:17:37,015 - Knowledge - INFO - knowledge worker kw19 start
2025-08-29 08:17:37,016 - Knowledge - INFO - worker kw20 created with dedicated MongoDB connection (total: 20)
2025-08-29 08:17:37,017 - Knowledge - INFO - worker kw11 pull /app/data/b2c/13862/b9117v4/meta-rdk-13862/conf/include/basehash_ignore_vars.inc from ingest queue
2025-08-29 08:17:37,017 - Knowledge - INFO - worker kw6 pull /app/data/b2c/13862/b9117v4/meta-rdk-13862/conf/include/hashbase_whitelist.inc from ingest queue
2025-08-29 08:17:37,027 - Knowledge - INFO - worker kw5 pull /app/data/b2c/13862/b9117v4/meta-rdk-13862/conf/conf-notes.txt from ingest queue
2025-08-29 08:17:37,028 - Knowledge - INFO - knowledge worker kw20 start
2025-08-29 08:17:37,028 - Knowledge - INFO - worker kw9 pull /app/data/b2c/13862/b9117v4/meta-rdk-13862/conf/distro/include/rdk-esdk-conf.inc from ingest queue
2025-08-29 08:17:37,029 - Knowledge - INFO - worker kw4 pull /app/data/b2c/13862/b9117v4/meta-rdk-13862/conf/distro/include/libsoup2.inc from ingest queue
2025-08-29 08:17:37,029 - Knowledge - INFO - worker kw15 pull /app/data/b2c/13862/b9117v4/meta-rdk-13862/conf/distro/include/qt5-versions.inc from ingest queue
2025-08-29 08:17:37,031 - Knowledge - INFO - worker kw20 pull /app/data/b2c/13862/b9117v4/meta-rdk-13862/conf/distro/include/gstreamer-versions.inc from ingest queue
2025-08-29 08:17:37,033 - Knowledge - INFO - worker kw12 pull /app/data/b2c/13862/b9117v4/meta-rdk-13862/conf/distro/include/rdkc.inc from ingest queue
2025-08-29 08:17:37,035 - Knowledge - WARNING - High connection count: 21 connections active
2025-08-29 08:17:37,035 - Knowledge - INFO - worker kw21 created with dedicated MongoDB connection (total: 21)
2025-08-29 08:17:37,036 - Knowledge - INFO - worker kw16 pull /app/data/b2c/13862/b9117v4/meta-rdk-13862/conf/distro/include/rdk_security_flags.inc from ingest queue
2025-08-29 08:17:37,038 - Knowledge - INFO - worker kw13 pull /app/data/b2c/13862/b9117v4/meta-rdk-13862/conf/distro/include/rdk_multilib.inc from ingest queue
2025-08-29 08:17:37,039 - Knowledge - INFO - worker kw19 pull /app/data/b2c/13862/b9117v4/meta-rdk-13862/conf/distro/include/rdkvemu.inc from ingest queue
2025-08-29 08:17:37,040 - Knowledge - INFO - worker kw14 pull /app/data/b2c/13862/b9117v4/meta-rdk-13862/conf/distro/include/rdk-external-src.inc from ingest queue
2025-08-29 08:17:37,042 - Knowledge - INFO - knowledge worker kw21 start
2025-08-29 08:17:37,043 - Knowledge - WARNING - High connection count: 22 connections active
2025-08-29 08:17:37,043 - Knowledge - INFO - worker kw22 created with dedicated MongoDB connection (total: 22)
2025-08-29 08:17:37,044 - Knowledge - INFO - knowledge worker kw22 start
2025-08-29 08:17:37,045 - Knowledge - INFO - worker kw22 pull /app/data/b2c/13862/b9117v4/meta-rdk-13862/conf/distro/include/rdkx.inc from ingest queue
2025-08-29 08:17:37,046 - Knowledge - WARNING - High connection count: 23 connections active
2025-08-29 08:17:37,046 - Knowledge - INFO - worker kw23 created with dedicated MongoDB connection (total: 23)
2025-08-29 08:17:37,046 - Knowledge - INFO - knowledge worker kw23 start
2025-08-29 08:17:37,049 - Knowledge - WARNING - High connection count: 24 connections active
2025-08-29 08:17:37,049 - Knowledge - INFO - worker kw24 created with dedicated MongoDB connection (total: 24)
2025-08-29 08:17:37,049 - Knowledge - INFO - knowledge worker kw24 start
2025-08-29 08:17:37,050 - Knowledge - WARNING - High connection count: 25 connections active
2025-08-29 08:17:37,050 - Knowledge - INFO - worker kw25 created with dedicated MongoDB connection (total: 25)
2025-08-29 08:17:37,051 - Knowledge - INFO - knowledge worker kw25 start
2025-08-29 08:17:37,058 - Knowledge - INFO - worker kw17 pull /app/data/b2c/13862/b9117v4/meta-rdk-13862/conf/distro/include/rdk_backtrace_log.inc from ingest queue
2025-08-29 08:17:37,060 - Knowledge - INFO - worker kw23 pull /app/data/b2c/13862/b9117v4/meta-rdk-13862/conf/distro/include/libsoup3.inc from ingest queue
2025-08-29 08:17:37,096 - Knowledge - INFO - worker kw21 pull /app/data/b2c/13862/b9117v4/meta-rdk-13862/conf/distro/include/license_flags_whitelist.inc from ingest queue
2025-08-29 08:17:37,098 - Knowledge - INFO - worker kw8 pull /app/data/b2c/13862/b9117v4/meta-rdk-13862/conf/distro/include/setscene_enforce_ignore_tasks.inc from ingest queue
2025-08-29 08:17:37,100 - Knowledge - INFO - worker kw25 pull /app/data/b2c/13862/b9117v4/meta-rdk-13862/conf/distro/include/rdkb_backtrace_log.inc from ingest queue
2025-08-29 08:17:37,104 - Knowledge - INFO - worker kw18 pull /app/data/b2c/13862/b9117v4/meta-rdk-13862/conf/distro/include/rdkb.inc from ingest queue
2025-08-29 08:17:37,107 - Knowledge - INFO - process ingested knowledge for /app/data/b2c/13862/b9117v4/meta-rdk-13862/recipes-test/hello/files/run-hello-app.sh
2025-08-29 08:17:37,122 - Knowledge - INFO - worker kw24 pull /app/data/b2c/13862/b9117v4/meta-rdk-13862/conf/distro/include/rdk_lto.inc from ingest queue
2025-08-29 08:17:37,190 - Knowledge - INFO - worker kw10 pull /app/data/b2c/13862/b9117v4/meta-rdk-13862/conf/distro/include/rdkv.inc from ingest queue
2025-08-29 08:17:37,202 - Knowledge - INFO - Found code-base-name: https://github.com/kavia-common/meta-rdk-13862.git:kavia-master
2025-08-29 08:17:37,202 - Knowledge - INFO - Found code_base: <app.utils.kg_build.knowledge.KnowledgeCodeBase object at 0x7fb3c6594990>
2025-08-29 08:17:37,202 - Knowledge - INFO - persist ingested knowledge for /app/data/b2c/13862/b9117v4/meta-rdk-13862/recipes-test/hello/files/run-hello-app.sh
2025-08-29 08:17:37,202 - Knowledge - INFO - process ingested knowledge for /app/data/b2c/13862/b9117v4/meta-rdk-13862/recipes-test/hello/files/hello.c
2025-08-29 08:17:37,204 - Knowledge - INFO - process ingested knowledge for /app/data/b2c/13862/b9117v4/meta-rdk-13862/conf/include/basehash_ignore_vars.inc
2025-08-29 08:17:37,209 - Knowledge - INFO - process ingested knowledge for /app/data/b2c/13862/b9117v4/meta-rdk-13862/conf/include/hashbase_whitelist.inc
2025-08-29 08:17:37,303 - Knowledge - INFO - process ingested knowledge for /app/data/b2c/13862/b9117v4/meta-rdk-13862/conf/distro/include/libsoup2.inc
2025-08-29 08:17:37,304 - Knowledge - INFO - process ingested knowledge for /app/data/b2c/13862/b9117v4/meta-rdk-13862/conf/distro/include/qt5-versions.inc
2025-08-29 08:17:37,306 - Knowledge - INFO - process ingested knowledge for /app/data/b2c/13862/b9117v4/meta-rdk-13862/recipes-test/leakcheck-msg/files/utility.c
2025-08-29 08:17:37,319 - Knowledge - INFO - process ingested knowledge for /app/data/b2c/13862/b9117v4/meta-rdk-13862/conf/distro/include/rdkb_backtrace_log.inc
2025-08-29 08:17:37,392 - Knowledge - INFO - process ingested knowledge for /app/data/b2c/13862/b9117v4/meta-rdk-13862/recipes-test/leakcheck-msg/files/msgq_receive.c
2025-08-29 08:17:37,394 - Knowledge - INFO - process ingested knowledge for /app/data/b2c/13862/b9117v4/meta-rdk-13862/conf/distro/include/libsoup3.inc
2025-08-29 08:17:37,392 - Knowledge - INFO - process ingested knowledge for /app/data/b2c/13862/b9117v4/meta-rdk-13862/conf/distro/include/rdkvemu.inc
2025-08-29 08:17:37,397 - Knowledge - INFO - process ingested knowledge for /app/data/b2c/13862/b9117v4/meta-rdk-13862/conf/distro/include/gstreamer-versions.inc
2025-08-29 08:17:37,397 - Knowledge - INFO - process ingested knowledge for /app/data/b2c/13862/b9117v4/meta-rdk-13862/conf/distro/include/license_flags_whitelist.inc
2025-08-29 08:17:37,401 - Knowledge - INFO - process ingested knowledge for /app/data/b2c/13862/b9117v4/meta-rdk-13862/conf/distro/include/rdk_security_flags.inc
2025-08-29 08:17:37,407 - Knowledge - INFO - process ingested knowledge for /app/data/b2c/13862/b9117v4/meta-rdk-13862/conf/distro/include/rdk-external-src.inc
2025-08-29 08:17:37,408 - Knowledge - INFO - process ingested knowledge for /app/data/b2c/13862/b9117v4/meta-rdk-13862/conf/distro/include/rdkc.inc
2025-08-29 08:17:37,489 - Knowledge - INFO - process ingested knowledge for /app/data/b2c/13862/b9117v4/meta-rdk-13862/conf/distro/include/rdk_multilib.inc
2025-08-29 08:17:37,491 - Knowledge - INFO - process ingested knowledge for /app/data/b2c/13862/b9117v4/meta-rdk-13862/conf/distro/include/rdk-esdk-conf.inc
2025-08-29 08:17:37,496 - Knowledge - INFO - process ingested knowledge for /app/data/b2c/13862/b9117v4/meta-rdk-13862/conf/distro/include/rdkx.inc
2025-08-29 08:17:37,497 - Knowledge - INFO - process ingested knowledge for /app/data/b2c/13862/b9117v4/meta-rdk-13862/conf/distro/include/rdkb.inc
2025-08-29 08:17:37,498 - Knowledge - INFO - process ingested knowledge for /app/data/b2c/13862/b9117v4/meta-rdk-13862/conf/distro/include/rdkv.inc
2025-08-29 08:17:37,504 - Knowledge - INFO - process ingested knowledge for /app/data/b2c/13862/b9117v4/meta-rdk-13862/conf/conf-notes.txt
2025-08-29 08:17:37,505 - Knowledge - INFO - process ingested knowledge for /app/data/b2c/13862/b9117v4/meta-rdk-13862/conf/distro/include/rdk_backtrace_log.inc
2025-08-29 08:17:37,508 - Knowledge - INFO - process ingested knowledge for /app/data/b2c/13862/b9117v4/meta-rdk-13862/conf/distro/include/setscene_enforce_ignore_tasks.inc
2025-08-29 08:17:37,508 - Knowledge - INFO - process ingested knowledge for /app/data/b2c/13862/b9117v4/meta-rdk-13862/conf/distro/include/rdk_lto.inc
2025-08-29 08:17:37,541 - Knowledge - INFO - Found code-base-name: https://github.com/kavia-common/meta-rdk-13862.git:kavia-master
2025-08-29 08:17:37,541 - Knowledge - INFO - Found code_base: <app.utils.kg_build.knowledge.KnowledgeCodeBase object at 0x7fb3c6594990>
2025-08-29 08:17:37,541 - Knowledge - INFO - persist ingested knowledge for /app/data/b2c/13862/b9117v4/meta-rdk-13862/conf/include/basehash_ignore_vars.inc
2025-08-29 08:17:37,541 - Knowledge - INFO - Found code-base-name: https://github.com/kavia-common/meta-rdk-13862.git:kavia-master
2025-08-29 08:17:37,541 - Knowledge - INFO - Found code_base: <app.utils.kg_build.knowledge.KnowledgeCodeBase object at 0x7fb3c6594990>
2025-08-29 08:17:37,541 - Knowledge - INFO - persist ingested knowledge for /app/data/b2c/13862/b9117v4/meta-rdk-13862/recipes-test/hello/files/hello.c
2025-08-29 08:17:37,542 - Knowledge - INFO - Found code-base-name: https://github.com/kavia-common/meta-rdk-13862.git:kavia-master
2025-08-29 08:17:37,542 - Knowledge - INFO - Found code_base: <app.utils.kg_build.knowledge.KnowledgeCodeBase object at 0x7fb3c6594990>
2025-08-29 08:17:37,542 - Knowledge - INFO - persist ingested knowledge for /app/data/b2c/13862/b9117v4/meta-rdk-13862/conf/include/hashbase_whitelist.inc
2025-08-29 08:17:37,542 - Knowledge - INFO - Found code-base-name: https://github.com/kavia-common/meta-rdk-13862.git:kavia-master
2025-08-29 08:17:37,542 - Knowledge - INFO - Found code_base: <app.utils.kg_build.knowledge.KnowledgeCodeBase object at 0x7fb3c6594990>
2025-08-29 08:17:37,542 - Knowledge - INFO - persist ingested knowledge for /app/data/b2c/13862/b9117v4/meta-rdk-13862/conf/distro/include/libsoup2.inc
2025-08-29 08:17:37,543 - Knowledge - INFO - Found code-base-name: https://github.com/kavia-common/meta-rdk-13862.git:kavia-master
2025-08-29 08:17:37,543 - Knowledge - INFO - Found code_base: <app.utils.kg_build.knowledge.KnowledgeCodeBase object at 0x7fb3c6594990>
2025-08-29 08:17:37,543 - Knowledge - INFO - persist ingested knowledge for /app/data/b2c/13862/b9117v4/meta-rdk-13862/recipes-test/leakcheck-msg/files/utility.c
2025-08-29 08:17:37,543 - Knowledge - INFO - Found code-base-name: https://github.com/kavia-common/meta-rdk-13862.git:kavia-master
2025-08-29 08:17:37,543 - Knowledge - INFO - Found code_base: <app.utils.kg_build.knowledge.KnowledgeCodeBase object at 0x7fb3c6594990>
2025-08-29 08:17:37,543 - Knowledge - INFO - persist ingested knowledge for /app/data/b2c/13862/b9117v4/meta-rdk-13862/conf/distro/include/qt5-versions.inc
2025-08-29 08:17:37,543 - Knowledge - INFO - Found code-base-name: https://github.com/kavia-common/meta-rdk-13862.git:kavia-master
2025-08-29 08:17:37,543 - Knowledge - INFO - Found code_base: <app.utils.kg_build.knowledge.KnowledgeCodeBase object at 0x7fb3c6594990>
2025-08-29 08:17:37,543 - Knowledge - INFO - persist ingested knowledge for /app/data/b2c/13862/b9117v4/meta-rdk-13862/recipes-test/leakcheck-msg/files/msgq_receive.c
2025-08-29 08:17:37,544 - Knowledge - INFO - Found code-base-name: https://github.com/kavia-common/meta-rdk-13862.git:kavia-master
2025-08-29 08:17:37,544 - Knowledge - INFO - Found code_base: <app.utils.kg_build.knowledge.KnowledgeCodeBase object at 0x7fb3c6594990>
2025-08-29 08:17:37,544 - Knowledge - INFO - persist ingested knowledge for /app/data/b2c/13862/b9117v4/meta-rdk-13862/conf/distro/include/rdkb_backtrace_log.inc
2025-08-29 08:17:37,544 - Knowledge - INFO - Found code-base-name: https://github.com/kavia-common/meta-rdk-13862.git:kavia-master
2025-08-29 08:17:37,544 - Knowledge - INFO - Found code_base: <app.utils.kg_build.knowledge.KnowledgeCodeBase object at 0x7fb3c6594990>
2025-08-29 08:17:37,544 - Knowledge - INFO - persist ingested knowledge for /app/data/b2c/13862/b9117v4/meta-rdk-13862/conf/distro/include/libsoup3.inc
2025-08-29 08:17:37,544 - Knowledge - INFO - Found code-base-name: https://github.com/kavia-common/meta-rdk-13862.git:kavia-master
2025-08-29 08:17:37,545 - Knowledge - INFO - Found code_base: <app.utils.kg_build.knowledge.KnowledgeCodeBase object at 0x7fb3c6594990>
2025-08-29 08:17:37,545 - Knowledge - INFO - persist ingested knowledge for /app/data/b2c/13862/b9117v4/meta-rdk-13862/conf/distro/include/gstreamer-versions.inc
2025-08-29 08:17:37,545 - Knowledge - INFO - Found code-base-name: https://github.com/kavia-common/meta-rdk-13862.git:kavia-master
2025-08-29 08:17:37,545 - Knowledge - INFO - Found code_base: <app.utils.kg_build.knowledge.KnowledgeCodeBase object at 0x7fb3c6594990>
2025-08-29 08:17:37,545 - Knowledge - INFO - persist ingested knowledge for /app/data/b2c/13862/b9117v4/meta-rdk-13862/conf/distro/include/rdkvemu.inc
2025-08-29 08:17:37,545 - Knowledge - INFO - Found code-base-name: https://github.com/kavia-common/meta-rdk-13862.git:kavia-master
2025-08-29 08:17:37,545 - Knowledge - INFO - Found code_base: <app.utils.kg_build.knowledge.KnowledgeCodeBase object at 0x7fb3c6594990>
2025-08-29 08:17:37,545 - Knowledge - INFO - persist ingested knowledge for /app/data/b2c/13862/b9117v4/meta-rdk-13862/conf/distro/include/license_flags_whitelist.inc
2025-08-29 08:17:37,546 - Knowledge - INFO - Found code-base-name: https://github.com/kavia-common/meta-rdk-13862.git:kavia-master
2025-08-29 08:17:37,546 - Knowledge - INFO - Found code_base: <app.utils.kg_build.knowledge.KnowledgeCodeBase object at 0x7fb3c6594990>
2025-08-29 08:17:37,546 - Knowledge - INFO - persist ingested knowledge for /app/data/b2c/13862/b9117v4/meta-rdk-13862/conf/distro/include/rdk_security_flags.inc
2025-08-29 08:17:37,546 - Knowledge - INFO - Found code-base-name: https://github.com/kavia-common/meta-rdk-13862.git:kavia-master
2025-08-29 08:17:37,546 - Knowledge - INFO - Found code_base: <app.utils.kg_build.knowledge.KnowledgeCodeBase object at 0x7fb3c6594990>
2025-08-29 08:17:37,546 - Knowledge - INFO - persist ingested knowledge for /app/data/b2c/13862/b9117v4/meta-rdk-13862/conf/distro/include/rdk-external-src.inc
2025-08-29 08:17:37,546 - Knowledge - INFO - Found code-base-name: https://github.com/kavia-common/meta-rdk-13862.git:kavia-master
2025-08-29 08:17:37,546 - Knowledge - INFO - Found code_base: <app.utils.kg_build.knowledge.KnowledgeCodeBase object at 0x7fb3c6594990>
2025-08-29 08:17:37,546 - Knowledge - INFO - persist ingested knowledge for /app/data/b2c/13862/b9117v4/meta-rdk-13862/conf/distro/include/rdkc.inc
2025-08-29 08:17:37,547 - Knowledge - INFO - Found code-base-name: https://github.com/kavia-common/meta-rdk-13862.git:kavia-master
2025-08-29 08:17:37,547 - Knowledge - INFO - Found code_base: <app.utils.kg_build.knowledge.KnowledgeCodeBase object at 0x7fb3c6594990>
2025-08-29 08:17:37,547 - Knowledge - INFO - persist ingested knowledge for /app/data/b2c/13862/b9117v4/meta-rdk-13862/conf/distro/include/rdk_multilib.inc
2025-08-29 08:17:37,547 - Knowledge - INFO - Found code-base-name: https://github.com/kavia-common/meta-rdk-13862.git:kavia-master
2025-08-29 08:17:37,547 - Knowledge - INFO - Found code_base: <app.utils.kg_build.knowledge.KnowledgeCodeBase object at 0x7fb3c6594990>
2025-08-29 08:17:37,547 - Knowledge - INFO - persist ingested knowledge for /app/data/b2c/13862/b9117v4/meta-rdk-13862/conf/distro/include/rdk-esdk-conf.inc
2025-08-29 08:17:37,547 - Knowledge - INFO - Found code-base-name: https://github.com/kavia-common/meta-rdk-13862.git:kavia-master
2025-08-29 08:17:37,548 - Knowledge - INFO - Found code_base: <app.utils.kg_build.knowledge.KnowledgeCodeBase object at 0x7fb3c6594990>
2025-08-29 08:17:37,548 - Knowledge - INFO - persist ingested knowledge for /app/data/b2c/13862/b9117v4/meta-rdk-13862/conf/distro/include/rdkv.inc
2025-08-29 08:17:37,548 - Knowledge - INFO - Found code-base-name: https://github.com/kavia-common/meta-rdk-13862.git:kavia-master
2025-08-29 08:17:37,548 - Knowledge - INFO - Found code_base: <app.utils.kg_build.knowledge.KnowledgeCodeBase object at 0x7fb3c6594990>
2025-08-29 08:17:37,548 - Knowledge - INFO - persist ingested knowledge for /app/data/b2c/13862/b9117v4/meta-rdk-13862/conf/distro/include/rdkx.inc
2025-08-29 08:17:37,548 - Knowledge - INFO - Found code-base-name: https://github.com/kavia-common/meta-rdk-13862.git:kavia-master
2025-08-29 08:17:37,549 - Knowledge - INFO - Found code_base: <app.utils.kg_build.knowledge.KnowledgeCodeBase object at 0x7fb3c6594990>
2025-08-29 08:17:37,549 - Knowledge - INFO - persist ingested knowledge for /app/data/b2c/13862/b9117v4/meta-rdk-13862/conf/conf-notes.txt
2025-08-29 08:17:37,549 - Knowledge - INFO - Found code-base-name: https://github.com/kavia-common/meta-rdk-13862.git:kavia-master
2025-08-29 08:17:37,549 - Knowledge - INFO - Found code_base: <app.utils.kg_build.knowledge.KnowledgeCodeBase object at 0x7fb3c6594990>
2025-08-29 08:17:37,549 - Knowledge - INFO - persist ingested knowledge for /app/data/b2c/13862/b9117v4/meta-rdk-13862/conf/distro/include/rdkb.inc
2025-08-29 08:17:37,549 - Knowledge - INFO - Found code-base-name: https://github.com/kavia-common/meta-rdk-13862.git:kavia-master
2025-08-29 08:17:37,549 - Knowledge - INFO - Found code_base: <app.utils.kg_build.knowledge.KnowledgeCodeBase object at 0x7fb3c6594990>
2025-08-29 08:17:37,549 - Knowledge - INFO - persist ingested knowledge for /app/data/b2c/13862/b9117v4/meta-rdk-13862/conf/distro/include/rdk_backtrace_log.inc
2025-08-29 08:17:37,550 - Knowledge - INFO - Found code-base-name: https://github.com/kavia-common/meta-rdk-13862.git:kavia-master
2025-08-29 08:17:37,550 - Knowledge - INFO - Found code_base: <app.utils.kg_build.knowledge.KnowledgeCodeBase object at 0x7fb3c6594990>
2025-08-29 08:17:37,550 - Knowledge - INFO - persist ingested knowledge for /app/data/b2c/13862/b9117v4/meta-rdk-13862/conf/distro/include/setscene_enforce_ignore_tasks.inc
2025-08-29 08:17:37,550 - Knowledge - INFO - Found code-base-name: https://github.com/kavia-common/meta-rdk-13862.git:kavia-master
2025-08-29 08:17:37,550 - Knowledge - INFO - Found code_base: <app.utils.kg_build.knowledge.KnowledgeCodeBase object at 0x7fb3c6594990>
2025-08-29 08:17:37,550 - Knowledge - INFO - persist ingested knowledge for /app/data/b2c/13862/b9117v4/meta-rdk-13862/conf/distro/include/rdk_lto.inc
2025-08-29 08:17:37,550 - Knowledge - INFO - adding /app/data/b2c/13862/b9117v4/meta-rdk-13862/recipes-test/hello/files/run-hello-app.sh to ingest queue
2025-08-29 08:17:37,792 - Knowledge - INFO - adding /app/data/b2c/13862/b9117v4/meta-rdk-13862/conf/distro/include/libsoup2.inc to ingest queue
2025-08-29 08:17:37,914 - Knowledge - INFO - adding /app/data/b2c/13862/b9117v4/meta-rdk-13862/recipes-test/leakcheck-msg/files/msgq_receive.c to ingest queue
2025-08-29 08:17:38,794 - Knowledge - INFO - adding /app/data/b2c/13862/b9117v4/meta-rdk-13862/conf/distro/include/rdk_lto.inc to ingest queue
2025-08-29 08:17:38,794 - Knowledge - INFO - adding /app/data/b2c/13862/b9117v4/meta-rdk-13862/conf/include/basehash_ignore_vars.inc to ingest queue
2025-08-29 08:17:38,796 - Knowledge - INFO - adding /app/data/b2c/13862/b9117v4/meta-rdk-13862/recipes-test/hello/files/hello.c to ingest queue
2025-08-29 08:17:38,796 - Knowledge - INFO - adding /app/data/b2c/13862/b9117v4/meta-rdk-13862/conf/include/hashbase_whitelist.inc to ingest queue
2025-08-29 08:17:38,854 - Knowledge - INFO - adding /app/data/b2c/13862/b9117v4/meta-rdk-13862/recipes-test/leakcheck-msg/files/utility.c to ingest queue
2025-08-29 08:17:38,854 - Knowledge - INFO - adding /app/data/b2c/13862/b9117v4/meta-rdk-13862/conf/distro/include/qt5-versions.inc to ingest queue
2025-08-29 08:17:38,913 - Knowledge - INFO - worker kw7 pull /app/data/b2c/13862/b9117v4/meta-rdk-13862/conf/distro/include/rdk-versions.inc from ingest queue
2025-08-29 08:17:38,914 - Knowledge - INFO - adding /app/data/b2c/13862/b9117v4/meta-rdk-13862/conf/distro/include/libsoup3.inc to ingest queue
2025-08-29 08:17:38,914 - Knowledge - INFO - adding /app/data/b2c/13862/b9117v4/meta-rdk-13862/conf/distro/include/rdkvemu.inc to ingest queue
2025-08-29 08:17:38,914 - Knowledge - INFO - adding /app/data/b2c/13862/b9117v4/meta-rdk-13862/conf/distro/include/license_flags_whitelist.inc to ingest queue
2025-08-29 08:17:38,915 - Knowledge - INFO - adding /app/data/b2c/13862/b9117v4/meta-rdk-13862/conf/distro/include/rdk_security_flags.inc to ingest queue
2025-08-29 08:17:38,916 - Knowledge - INFO - adding /app/data/b2c/13862/b9117v4/meta-rdk-13862/conf/distro/include/rdk-external-src.inc to ingest queue
2025-08-29 08:17:38,916 - Knowledge - INFO - adding /app/data/b2c/13862/b9117v4/meta-rdk-13862/conf/distro/include/rdkc.inc to ingest queue
2025-08-29 08:17:38,917 - Knowledge - INFO - adding /app/data/b2c/13862/b9117v4/meta-rdk-13862/conf/distro/include/rdk_multilib.inc to ingest queue
2025-08-29 08:17:38,917 - Knowledge - INFO - adding /app/data/b2c/13862/b9117v4/meta-rdk-13862/conf/distro/include/rdk-esdk-conf.inc to ingest queue
2025-08-29 08:17:38,919 - Knowledge - INFO - adding /app/data/b2c/13862/b9117v4/meta-rdk-13862/conf/distro/include/rdkv.inc to ingest queue
2025-08-29 08:17:38,919 - Knowledge - INFO - adding /app/data/b2c/13862/b9117v4/meta-rdk-13862/conf/distro/include/rdkx.inc to ingest queue
2025-08-29 08:17:38,919 - Knowledge - INFO - adding /app/data/b2c/13862/b9117v4/meta-rdk-13862/conf/conf-notes.txt to ingest queue
2025-08-29 08:17:38,920 - Knowledge - INFO - adding /app/data/b2c/13862/b9117v4/meta-rdk-13862/conf/distro/include/rdkb.inc to ingest queue
2025-08-29 08:17:38,922 - Knowledge - INFO - adding /app/data/b2c/13862/b9117v4/meta-rdk-13862/conf/distro/include/rdk_backtrace_log.inc to ingest queue
2025-08-29 08:17:38,922 - Knowledge - INFO - adding /app/data/b2c/13862/b9117v4/meta-rdk-13862/conf/distro/include/setscene_enforce_ignore_tasks.inc to ingest queue
2025-08-29 08:17:38,923 - Knowledge - INFO - worker kw2 pull /app/data/b2c/13862/b9117v4/meta-rdk-13862/conf/distro/include/setscene_enforce_whitelist.inc from ingest queue
2025-08-29 08:17:38,923 - Knowledge - INFO - worker kw24 pull /app/data/b2c/13862/b9117v4/meta-rdk-13862/conf/distro/include/license_flags_accepted.inc from ingest queue
2025-08-29 08:17:38,924 - Knowledge - INFO - worker kw1 pull /app/data/b2c/13862/b9117v4/meta-rdk-13862/recipes-containers/dobby/dobby.inc from ingest queue
2025-08-29 08:17:38,925 - Knowledge - INFO - worker kw4 pull /app/data/b2c/13862/b9117v4/meta-rdk-13862/recipes-core/images/sdk-common.inc from ingest queue
2025-08-29 08:17:38,926 - Knowledge - INFO - adding /app/data/b2c/13862/b9117v4/meta-rdk-13862/conf/distro/include/rdkb_backtrace_log.inc to ingest queue
2025-08-29 08:17:38,929 - Knowledge - INFO - adding /app/data/b2c/13862/b9117v4/meta-rdk-13862/conf/distro/include/gstreamer-versions.inc to ingest queue
2025-08-29 08:17:38,930 - Knowledge - INFO - worker kw23 pull /app/data/b2c/13862/b9117v4/meta-rdk-13862/recipes-core/images/rdk-esdk-override.inc from ingest queue
2025-08-29 08:17:38,931 - Knowledge - INFO - worker kw19 pull /app/data/b2c/13862/b9117v4/meta-rdk-13862/recipes-core/images/rdk-generic-media-common.inc from ingest queue
2025-08-29 08:17:38,935 - Knowledge - INFO - worker kw16 pull /app/data/b2c/13862/b9117v4/meta-rdk-13862/recipes-common/sys_mon_tools/sys_mon_tools.inc from ingest queue
2025-08-29 08:17:38,937 - Knowledge - INFO - worker kw13 pull /app/data/b2c/13862/b9117v4/meta-rdk-13862/recipes-common/gtest-apps/gtest-apps/gtest_apps_download.sh from ingest queue
2025-08-29 08:17:38,938 - Knowledge - INFO - worker kw11 pull /app/data/b2c/13862/b9117v4/meta-rdk-13862/recipes-common/safec-common-wrapper/files/safec_lib.h from ingest queue
2025-08-29 08:17:38,944 - Knowledge - INFO - worker kw6 pull /app/data/b2c/13862/b9117v4/meta-rdk-13862/recipes-common/debug-tools/files/debug-tools_download.sh from ingest queue
2025-08-29 08:17:38,949 - Knowledge - INFO - worker kw3 pull /app/data/b2c/13862/b9117v4/meta-rdk-13862/recipes-extended/webkitbrowser-plugin/include/webkitbrowser_memorylimits.fhd.inc from ingest queue
2025-08-29 08:17:38,949 - Knowledge - INFO - worker kw21 pull /app/data/b2c/13862/b9117v4/meta-rdk-13862/recipes-extended/webkitbrowser-plugin/include/webkitbrowser_properties.inc from ingest queue
2025-08-29 08:17:38,988 - Knowledge - INFO - worker kw14 pull /app/data/b2c/13862/b9117v4/meta-rdk-13862/recipes-extended/webkitbrowser-plugin/include/webkitbrowser_memorylimits.2gb.inc from ingest queue
2025-08-29 08:17:38,995 - Knowledge - INFO - process ingested knowledge for /app/data/b2c/13862/b9117v4/meta-rdk-13862/conf/distro/include/rdk-versions.inc
2025-08-29 08:17:38,995 - Knowledge - INFO - worker kw17 pull /app/data/b2c/13862/b9117v4/meta-rdk-13862/recipes-extended/webkitbrowser-plugin/include/webkitbrowser_memorylimits.uhd.inc from ingest queue
2025-08-29 08:17:38,998 - Knowledge - INFO - worker kw9 pull /app/data/b2c/13862/b9117v4/meta-rdk-13862/recipes-extended/webkitbrowser-plugin/include/webkitbrowser_memorylimits.default.inc from ingest queue
2025-08-29 08:17:39,002 - Knowledge - INFO - worker kw8 pull /app/data/b2c/13862/b9117v4/meta-rdk-13862/recipes-extended/webkitbrowser-plugin/files/clearWebkitBrowserCache.sh from ingest queue
2025-08-29 08:17:39,006 - Knowledge - INFO - process ingested knowledge for /app/data/b2c/13862/b9117v4/meta-rdk-13862/conf/distro/include/license_flags_accepted.inc
2025-08-29 08:17:39,006 - Knowledge - INFO - worker kw15 pull /app/data/b2c/13862/b9117v4/meta-rdk-13862/rename_srcrev.sh from ingest queue
2025-08-29 08:17:39,008 - Knowledge - INFO - worker kw5 pull /app/data/b2c/13862/b9117v4/meta-rdk-13862/recipes-support/network-zero-conf/files/board_access.sh from ingest queue
2025-08-29 08:17:39,020 - Knowledge - INFO - worker kw18 pull /app/data/b2c/13862/b9117v4/meta-rdk-13862/recipes-support/network-zero-conf/files/default-time-setter.sh from ingest queue
2025-08-29 08:17:39,089 - Knowledge - INFO - process ingested knowledge for /app/data/b2c/13862/b9117v4/meta-rdk-13862/recipes-containers/dobby/dobby.inc
2025-08-29 08:17:39,089 - Knowledge - INFO - worker kw10 pull /app/data/b2c/13862/b9117v4/meta-rdk-13862/recipes-benchmark/stress-ng/files/rdk_oss_uploadSTBLogs.sh from ingest queue
2025-08-29 08:17:39,090 - Knowledge - INFO - worker kw20 pull /app/data/b2c/13862/b9117v4/meta-rdk-13862/recipes-benchmark/stress-ng/files/openssl-ptest-perf_stats.sh from ingest queue
2025-08-29 08:17:39,100 - Knowledge - INFO - worker kw25 pull /app/data/b2c/13862/b9117v4/meta-rdk-13862/recipes-benchmark/stress-ng/files/capture-proc-metrics.sh from ingest queue
2025-08-29 08:17:39,102 - Knowledge - INFO - worker kw22 pull /app/data/b2c/13862/b9117v4/meta-rdk-13862/recipes-benchmark/stress-ng/files/openssl-ptest-stress.sh from ingest queue
2025-08-29 08:17:39,188 - Knowledge - INFO - process ingested knowledge for /app/data/b2c/13862/b9117v4/meta-rdk-13862/recipes-core/images/sdk-common.inc
2025-08-29 08:17:39,197 - Knowledge - INFO - Found code-base-name: https://github.com/kavia-common/meta-rdk-13862.git:kavia-master
2025-08-29 08:17:39,197 - Knowledge - INFO - Found code_base: <app.utils.kg_build.knowledge.KnowledgeCodeBase object at 0x7fb3c6594990>
2025-08-29 08:17:39,197 - Knowledge - INFO - persist ingested knowledge for /app/data/b2c/13862/b9117v4/meta-rdk-13862/conf/distro/include/rdk-versions.inc
2025-08-29 08:17:39,198 - Knowledge - INFO - worker kw12 pull /app/data/b2c/13862/b9117v4/meta-rdk-13862/recipes-benchmark/stress-ng/files/stress-ng-tests.sh from ingest queue
2025-08-29 08:17:39,199 - Knowledge - INFO - process ingested knowledge for /app/data/b2c/13862/b9117v4/meta-rdk-13862/recipes-common/debug-tools/files/debug-tools_download.sh
2025-08-29 08:17:39,199 - Knowledge - INFO - process ingested knowledge for /app/data/b2c/13862/b9117v4/meta-rdk-13862/recipes-extended/webkitbrowser-plugin/include/webkitbrowser_properties.inc
2025-08-29 08:17:39,202 - Knowledge - INFO - process ingested knowledge for /app/data/b2c/13862/b9117v4/meta-rdk-13862/recipes-core/images/rdk-esdk-override.inc
2025-08-29 08:17:39,203 - Knowledge - INFO - process ingested knowledge for /app/data/b2c/13862/b9117v4/meta-rdk-13862/conf/distro/include/setscene_enforce_whitelist.inc
2025-08-29 08:17:39,205 - Knowledge - INFO - Found code-base-name: https://github.com/kavia-common/meta-rdk-13862.git:kavia-master
2025-08-29 08:17:39,205 - Knowledge - INFO - Found code_base: <app.utils.kg_build.knowledge.KnowledgeCodeBase object at 0x7fb3c6594990>
2025-08-29 08:17:39,205 - Knowledge - INFO - persist ingested knowledge for /app/data/b2c/13862/b9117v4/meta-rdk-13862/conf/distro/include/license_flags_accepted.inc
2025-08-29 08:17:39,288 - Knowledge - INFO - process ingested knowledge for /app/data/b2c/13862/b9117v4/meta-rdk-13862/recipes-common/sys_mon_tools/sys_mon_tools.inc
2025-08-29 08:17:39,289 - Knowledge - INFO - process ingested knowledge for /app/data/b2c/13862/b9117v4/meta-rdk-13862/recipes-common/gtest-apps/gtest-apps/gtest_apps_download.sh
2025-08-29 08:17:39,291 - Knowledge - INFO - Found code-base-name: https://github.com/kavia-common/meta-rdk-13862.git:kavia-master
2025-08-29 08:17:39,291 - Knowledge - INFO - Found code_base: <app.utils.kg_build.knowledge.KnowledgeCodeBase object at 0x7fb3c6594990>
2025-08-29 08:17:39,291 - Knowledge - INFO - persist ingested knowledge for /app/data/b2c/13862/b9117v4/meta-rdk-13862/recipes-core/images/sdk-common.inc
2025-08-29 08:17:39,292 - Knowledge - INFO - process ingested knowledge for /app/data/b2c/13862/b9117v4/meta-rdk-13862/recipes-extended/webkitbrowser-plugin/include/webkitbrowser_memorylimits.fhd.inc
2025-08-29 08:17:39,297 - Knowledge - INFO - process ingested knowledge for /app/data/b2c/13862/b9117v4/meta-rdk-13862/recipes-extended/webkitbrowser-plugin/files/clearWebkitBrowserCache.sh
2025-08-29 08:17:39,297 - Knowledge - INFO - process ingested knowledge for /app/data/b2c/13862/b9117v4/meta-rdk-13862/recipes-extended/webkitbrowser-plugin/include/webkitbrowser_memorylimits.2gb.inc
2025-08-29 08:17:39,298 - Knowledge - INFO - process ingested knowledge for /app/data/b2c/13862/b9117v4/meta-rdk-13862/recipes-support/network-zero-conf/files/default-time-setter.sh
2025-08-29 08:17:39,313 - Knowledge - INFO - process ingested knowledge for /app/data/b2c/13862/b9117v4/meta-rdk-13862/recipes-core/images/rdk-generic-media-common.inc
2025-08-29 08:17:39,314 - Knowledge - INFO - process ingested knowledge for /app/data/b2c/13862/b9117v4/meta-rdk-13862/recipes-common/safec-common-wrapper/files/safec_lib.h
2025-08-29 08:17:39,318 - Knowledge - INFO - process ingested knowledge for /app/data/b2c/13862/b9117v4/meta-rdk-13862/recipes-extended/webkitbrowser-plugin/include/webkitbrowser_memorylimits.default.inc
2025-08-29 08:17:39,389 - Knowledge - INFO - process ingested knowledge for /app/data/b2c/13862/b9117v4/meta-rdk-13862/recipes-benchmark/stress-ng/files/rdk_oss_uploadSTBLogs.sh
2025-08-29 08:17:39,401 - Knowledge - INFO - process ingested knowledge for /app/data/b2c/13862/b9117v4/meta-rdk-13862/recipes-support/network-zero-conf/files/board_access.sh
2025-08-29 08:17:39,401 - Knowledge - INFO - process ingested knowledge for /app/data/b2c/13862/b9117v4/meta-rdk-13862/recipes-benchmark/stress-ng/files/openssl-ptest-stress.sh
2025-08-29 08:17:39,402 - Knowledge - INFO - process ingested knowledge for /app/data/b2c/13862/b9117v4/meta-rdk-13862/recipes-benchmark/stress-ng/files/capture-proc-metrics.sh
2025-08-29 08:17:39,403 - Knowledge - INFO - process ingested knowledge for /app/data/b2c/13862/b9117v4/meta-rdk-13862/rename_srcrev.sh
2025-08-29 08:17:39,403 - Knowledge - INFO - process ingested knowledge for /app/data/b2c/13862/b9117v4/meta-rdk-13862/recipes-benchmark/stress-ng/files/openssl-ptest-perf_stats.sh
2025-08-29 08:17:39,404 - Knowledge - INFO - process ingested knowledge for /app/data/b2c/13862/b9117v4/meta-rdk-13862/recipes-extended/webkitbrowser-plugin/include/webkitbrowser_memorylimits.uhd.inc
2025-08-29 08:17:39,411 - Knowledge - INFO - process ingested knowledge for /app/data/b2c/13862/b9117v4/meta-rdk-13862/recipes-benchmark/stress-ng/files/stress-ng-tests.sh
2025-08-29 08:17:39,473 - Knowledge - INFO - Found code-base-name: https://github.com/kavia-common/meta-rdk-13862.git:kavia-master
2025-08-29 08:17:39,473 - Knowledge - INFO - Found code_base: <app.utils.kg_build.knowledge.KnowledgeCodeBase object at 0x7fb3c6594990>
2025-08-29 08:17:39,473 - Knowledge - INFO - persist ingested knowledge for /app/data/b2c/13862/b9117v4/meta-rdk-13862/recipes-containers/dobby/dobby.inc
2025-08-29 08:17:39,581 - Knowledge - INFO - Found code-base-name: https://github.com/kavia-common/meta-rdk-13862.git:kavia-master
2025-08-29 08:17:39,582 - Knowledge - INFO - Found code_base: <app.utils.kg_build.knowledge.KnowledgeCodeBase object at 0x7fb3c6594990>
2025-08-29 08:17:39,582 - Knowledge - INFO - persist ingested knowledge for /app/data/b2c/13862/b9117v4/meta-rdk-13862/recipes-extended/webkitbrowser-plugin/include/webkitbrowser_properties.inc
2025-08-29 08:17:39,582 - Knowledge - INFO - Found code-base-name: https://github.com/kavia-common/meta-rdk-13862.git:kavia-master
2025-08-29 08:17:39,582 - Knowledge - INFO - Found code_base: <app.utils.kg_build.knowledge.KnowledgeCodeBase object at 0x7fb3c6594990>
2025-08-29 08:17:39,582 - Knowledge - INFO - persist ingested knowledge for /app/data/b2c/13862/b9117v4/meta-rdk-13862/recipes-core/images/rdk-esdk-override.inc
2025-08-29 08:17:39,582 - Knowledge - INFO - Found code-base-name: https://github.com/kavia-common/meta-rdk-13862.git:kavia-master
2025-08-29 08:17:39,582 - Knowledge - INFO - Found code_base: <app.utils.kg_build.knowledge.KnowledgeCodeBase object at 0x7fb3c6594990>
2025-08-29 08:17:39,582 - Knowledge - INFO - persist ingested knowledge for /app/data/b2c/13862/b9117v4/meta-rdk-13862/recipes-common/sys_mon_tools/sys_mon_tools.inc
2025-08-29 08:17:39,583 - Knowledge - INFO - Found code-base-name: https://github.com/kavia-common/meta-rdk-13862.git:kavia-master
2025-08-29 08:17:39,583 - Knowledge - INFO - Found code_base: <app.utils.kg_build.knowledge.KnowledgeCodeBase object at 0x7fb3c6594990>
2025-08-29 08:17:39,583 - Knowledge - INFO - persist ingested knowledge for /app/data/b2c/13862/b9117v4/meta-rdk-13862/conf/distro/include/setscene_enforce_whitelist.inc
2025-08-29 08:17:39,583 - Knowledge - INFO - Found code-base-name: https://github.com/kavia-common/meta-rdk-13862.git:kavia-master
2025-08-29 08:17:39,583 - Knowledge - INFO - Found code_base: <app.utils.kg_build.knowledge.KnowledgeCodeBase object at 0x7fb3c6594990>
2025-08-29 08:17:39,583 - Knowledge - INFO - persist ingested knowledge for /app/data/b2c/13862/b9117v4/meta-rdk-13862/recipes-common/debug-tools/files/debug-tools_download.sh
2025-08-29 08:17:39,583 - Knowledge - INFO - Found code-base-name: https://github.com/kavia-common/meta-rdk-13862.git:kavia-master
2025-08-29 08:17:39,583 - Knowledge - INFO - Found code_base: <app.utils.kg_build.knowledge.KnowledgeCodeBase object at 0x7fb3c6594990>
2025-08-29 08:17:39,583 - Knowledge - INFO - persist ingested knowledge for /app/data/b2c/13862/b9117v4/meta-rdk-13862/recipes-core/images/rdk-generic-media-common.inc
2025-08-29 08:17:39,584 - Knowledge - INFO - Found code-base-name: https://github.com/kavia-common/meta-rdk-13862.git:kavia-master
2025-08-29 08:17:39,584 - Knowledge - INFO - Found code_base: <app.utils.kg_build.knowledge.KnowledgeCodeBase object at 0x7fb3c6594990>
2025-08-29 08:17:39,584 - Knowledge - INFO - persist ingested knowledge for /app/data/b2c/13862/b9117v4/meta-rdk-13862/recipes-common/gtest-apps/gtest-apps/gtest_apps_download.sh
2025-08-29 08:17:39,584 - Knowledge - INFO - Found code-base-name: https://github.com/kavia-common/meta-rdk-13862.git:kavia-master
2025-08-29 08:17:39,584 - Knowledge - INFO - Found code_base: <app.utils.kg_build.knowledge.KnowledgeCodeBase object at 0x7fb3c6594990>
2025-08-29 08:17:39,584 - Knowledge - INFO - persist ingested knowledge for /app/data/b2c/13862/b9117v4/meta-rdk-13862/recipes-extended/webkitbrowser-plugin/include/webkitbrowser_memorylimits.fhd.inc
2025-08-29 08:17:39,585 - Knowledge - INFO - Found code-base-name: https://github.com/kavia-common/meta-rdk-13862.git:kavia-master
2025-08-29 08:17:39,585 - Knowledge - INFO - Found code_base: <app.utils.kg_build.knowledge.KnowledgeCodeBase object at 0x7fb3c6594990>
2025-08-29 08:17:39,585 - Knowledge - INFO - persist ingested knowledge for /app/data/b2c/13862/b9117v4/meta-rdk-13862/recipes-support/network-zero-conf/files/default-time-setter.sh
2025-08-29 08:17:39,585 - Knowledge - INFO - Found code-base-name: https://github.com/kavia-common/meta-rdk-13862.git:kavia-master
2025-08-29 08:17:39,585 - Knowledge - INFO - Found code_base: <app.utils.kg_build.knowledge.KnowledgeCodeBase object at 0x7fb3c6594990>
2025-08-29 08:17:39,585 - Knowledge - INFO - persist ingested knowledge for /app/data/b2c/13862/b9117v4/meta-rdk-13862/recipes-extended/webkitbrowser-plugin/files/clearWebkitBrowserCache.sh
2025-08-29 08:17:39,586 - Knowledge - INFO - Found code-base-name: https://github.com/kavia-common/meta-rdk-13862.git:kavia-master
2025-08-29 08:17:39,586 - Knowledge - INFO - Found code_base: <app.utils.kg_build.knowledge.KnowledgeCodeBase object at 0x7fb3c6594990>
2025-08-29 08:17:39,586 - Knowledge - INFO - persist ingested knowledge for /app/data/b2c/13862/b9117v4/meta-rdk-13862/recipes-extended/webkitbrowser-plugin/include/webkitbrowser_memorylimits.2gb.inc
2025-08-29 08:17:39,586 - Knowledge - INFO - Found code-base-name: https://github.com/kavia-common/meta-rdk-13862.git:kavia-master
2025-08-29 08:17:39,586 - Knowledge - INFO - Found code_base: <app.utils.kg_build.knowledge.KnowledgeCodeBase object at 0x7fb3c6594990>
2025-08-29 08:17:39,586 - Knowledge - INFO - persist ingested knowledge for /app/data/b2c/13862/b9117v4/meta-rdk-13862/recipes-extended/webkitbrowser-plugin/include/webkitbrowser_memorylimits.default.inc
2025-08-29 08:17:39,586 - Knowledge - INFO - Found code-base-name: https://github.com/kavia-common/meta-rdk-13862.git:kavia-master
2025-08-29 08:17:39,586 - Knowledge - INFO - Found code_base: <app.utils.kg_build.knowledge.KnowledgeCodeBase object at 0x7fb3c6594990>
2025-08-29 08:17:39,586 - Knowledge - INFO - persist ingested knowledge for /app/data/b2c/13862/b9117v4/meta-rdk-13862/recipes-common/safec-common-wrapper/files/safec_lib.h
2025-08-29 08:17:39,587 - Knowledge - INFO - Found code-base-name: https://github.com/kavia-common/meta-rdk-13862.git:kavia-master
2025-08-29 08:17:39,587 - Knowledge - INFO - Found code_base: <app.utils.kg_build.knowledge.KnowledgeCodeBase object at 0x7fb3c6594990>
2025-08-29 08:17:39,587 - Knowledge - INFO - persist ingested knowledge for /app/data/b2c/13862/b9117v4/meta-rdk-13862/recipes-benchmark/stress-ng/files/openssl-ptest-stress.sh
2025-08-29 08:17:39,587 - Knowledge - INFO - Found code-base-name: https://github.com/kavia-common/meta-rdk-13862.git:kavia-master
2025-08-29 08:17:39,587 - Knowledge - INFO - Found code_base: <app.utils.kg_build.knowledge.KnowledgeCodeBase object at 0x7fb3c6594990>
2025-08-29 08:17:39,587 - Knowledge - INFO - persist ingested knowledge for /app/data/b2c/13862/b9117v4/meta-rdk-13862/recipes-benchmark/stress-ng/files/rdk_oss_uploadSTBLogs.sh
2025-08-29 08:17:39,587 - Knowledge - INFO - Found code-base-name: https://github.com/kavia-common/meta-rdk-13862.git:kavia-master
2025-08-29 08:17:39,587 - Knowledge - INFO - Found code_base: <app.utils.kg_build.knowledge.KnowledgeCodeBase object at 0x7fb3c6594990>
2025-08-29 08:17:39,587 - Knowledge - INFO - persist ingested knowledge for /app/data/b2c/13862/b9117v4/meta-rdk-13862/recipes-benchmark/stress-ng/files/capture-proc-metrics.sh
2025-08-29 08:17:39,588 - Knowledge - INFO - Found code-base-name: https://github.com/kavia-common/meta-rdk-13862.git:kavia-master
2025-08-29 08:17:39,588 - Knowledge - INFO - Found code_base: <app.utils.kg_build.knowledge.KnowledgeCodeBase object at 0x7fb3c6594990>
2025-08-29 08:17:39,588 - Knowledge - INFO - persist ingested knowledge for /app/data/b2c/13862/b9117v4/meta-rdk-13862/recipes-extended/webkitbrowser-plugin/include/webkitbrowser_memorylimits.uhd.inc
2025-08-29 08:17:39,588 - Knowledge - INFO - Found code-base-name: https://github.com/kavia-common/meta-rdk-13862.git:kavia-master
2025-08-29 08:17:39,588 - Knowledge - INFO - Found code_base: <app.utils.kg_build.knowledge.KnowledgeCodeBase object at 0x7fb3c6594990>
2025-08-29 08:17:39,588 - Knowledge - INFO - persist ingested knowledge for /app/data/b2c/13862/b9117v4/meta-rdk-13862/recipes-support/network-zero-conf/files/board_access.sh
2025-08-29 08:17:39,589 - Knowledge - INFO - Found code-base-name: https://github.com/kavia-common/meta-rdk-13862.git:kavia-master
2025-08-29 08:17:39,589 - Knowledge - INFO - Found code_base: <app.utils.kg_build.knowledge.KnowledgeCodeBase object at 0x7fb3c6594990>
2025-08-29 08:17:39,589 - Knowledge - INFO - persist ingested knowledge for /app/data/b2c/13862/b9117v4/meta-rdk-13862/rename_srcrev.sh
2025-08-29 08:17:39,589 - Knowledge - INFO - Found code-base-name: https://github.com/kavia-common/meta-rdk-13862.git:kavia-master
2025-08-29 08:17:39,589 - Knowledge - INFO - Found code_base: <app.utils.kg_build.knowledge.KnowledgeCodeBase object at 0x7fb3c6594990>
2025-08-29 08:17:39,589 - Knowledge - INFO - persist ingested knowledge for /app/data/b2c/13862/b9117v4/meta-rdk-13862/recipes-benchmark/stress-ng/files/openssl-ptest-perf_stats.sh
2025-08-29 08:17:39,589 - Knowledge - INFO - Found code-base-name: https://github.com/kavia-common/meta-rdk-13862.git:kavia-master
2025-08-29 08:17:39,589 - Knowledge - INFO - Found code_base: <app.utils.kg_build.knowledge.KnowledgeCodeBase object at 0x7fb3c6594990>
2025-08-29 08:17:39,589 - Knowledge - INFO - persist ingested knowledge for /app/data/b2c/13862/b9117v4/meta-rdk-13862/recipes-benchmark/stress-ng/files/stress-ng-tests.sh
2025-08-29 08:17:39,647 - Knowledge - INFO - adding /app/data/b2c/13862/b9117v4/meta-rdk-13862/conf/distro/include/rdk-versions.inc to ingest queue
2025-08-29 08:17:39,648 - Knowledge - INFO - adding /app/data/b2c/13862/b9117v4/meta-rdk-13862/conf/distro/include/license_flags_accepted.inc to ingest queue
2025-08-29 08:17:39,649 - Knowledge - INFO - adding /app/data/b2c/13862/b9117v4/meta-rdk-13862/recipes-core/images/sdk-common.inc to ingest queue
2025-08-29 08:17:39,649 - Knowledge - INFO - worker kw4 pull /app/data/b2c/13862/b9117v4/meta-rdk-13862/CONTRIBUTING.md from ingest queue
2025-08-29 08:17:39,688 - Knowledge - INFO - process ingested knowledge for /app/data/b2c/13862/b9117v4/meta-rdk-13862/CONTRIBUTING.md
2025-08-29 08:17:40,029 - Knowledge - INFO - adding /app/data/b2c/13862/b9117v4/meta-rdk-13862/recipes-extended/webkitbrowser-plugin/include/webkitbrowser_memorylimits.2gb.inc to ingest queue
2025-08-29 08:17:40,029 - Knowledge - INFO - worker kw14 pull /app/data/b2c/13862/b9117v4/meta-rdk-13862/recipes-test/hello/files/run-hello-app.sh from ingest queue
2025-08-29 08:17:40,029 - Knowledge - INFO - Thread kw14 - File run-hello-app.sh - Remaining files in queue: 28
2025-08-29 08:17:40,030 - Knowledge - INFO - start ingest for /app/data/b2c/13862/b9117v4/meta-rdk-13862/recipes-test/hello/files/run-hello-app.sh
2025-08-29 08:17:40,195 - Knowledge - INFO - adding /app/data/b2c/13862/b9117v4/meta-rdk-13862/recipes-benchmark/stress-ng/files/capture-proc-metrics.sh to ingest queue
2025-08-29 08:17:40,705 - Knowledge - INFO - worker kw7 pull /app/data/b2c/13862/b9117v4/meta-rdk-13862/conf/distro/include/libsoup2.inc from ingest queue
2025-08-29 08:17:40,705 - Knowledge - INFO - Thread kw7 - File libsoup2.inc - Remaining files in queue: 28
2025-08-29 08:17:40,705 - Knowledge - INFO - start ingest for /app/data/b2c/13862/b9117v4/meta-rdk-13862/conf/distro/include/libsoup2.inc
2025-08-29 08:17:40,706 - Knowledge - INFO - adding /app/data/b2c/13862/b9117v4/meta-rdk-13862/recipes-containers/dobby/dobby.inc to ingest queue
2025-08-29 08:17:40,706 - Knowledge - INFO - worker kw24 pull /app/data/b2c/13862/b9117v4/meta-rdk-13862/recipes-test/leakcheck-msg/files/msgq_receive.c from ingest queue
2025-08-29 08:17:40,706 - Knowledge - INFO - Thread kw24 - File msgq_receive.c - Remaining files in queue: 28
2025-08-29 08:17:40,706 - Knowledge - INFO - start ingest for /app/data/b2c/13862/b9117v4/meta-rdk-13862/recipes-test/leakcheck-msg/files/msgq_receive.c
2025-08-29 08:17:40,842 - Knowledge - INFO - Found code-base-name: https://github.com/kavia-common/meta-rdk-13862.git:kavia-master
2025-08-29 08:17:40,842 - Knowledge - INFO - Found code_base: <app.utils.kg_build.knowledge.KnowledgeCodeBase object at 0x7fb3c6594990>
2025-08-29 08:17:40,843 - Knowledge - INFO - persist ingested knowledge for /app/data/b2c/13862/b9117v4/meta-rdk-13862/CONTRIBUTING.md
2025-08-29 08:17:40,843 - Knowledge - INFO - adding /app/data/b2c/13862/b9117v4/meta-rdk-13862/conf/distro/include/setscene_enforce_whitelist.inc to ingest queue
2025-08-29 08:17:40,843 - Knowledge - INFO - worker kw2 pull /app/data/b2c/13862/b9117v4/meta-rdk-13862/conf/distro/include/rdk_lto.inc from ingest queue
2025-08-29 08:17:40,843 - Knowledge - INFO - Thread kw2 - File rdk_lto.inc - Remaining files in queue: 28
2025-08-29 08:17:40,843 - Knowledge - INFO - start ingest for /app/data/b2c/13862/b9117v4/meta-rdk-13862/conf/distro/include/rdk_lto.inc
2025-08-29 08:17:40,843 - Knowledge - INFO - adding /app/data/b2c/13862/b9117v4/meta-rdk-13862/recipes-common/gtest-apps/gtest-apps/gtest_apps_download.sh to ingest queue
2025-08-29 08:17:40,844 - Knowledge - INFO - adding /app/data/b2c/13862/b9117v4/meta-rdk-13862/recipes-support/network-zero-conf/files/default-time-setter.sh to ingest queue
2025-08-29 08:17:40,845 - Knowledge - INFO - Fast-track processing for simple file: /app/data/b2c/13862/b9117v4/meta-rdk-13862/conf/distro/include/rdk_lto.inc
2025-08-29 08:17:40,845 - Knowledge - INFO - done fast ingest for /app/data/b2c/13862/b9117v4/meta-rdk-13862/conf/distro/include/rdk_lto.inc
2025-08-29 08:17:40,845 - Knowledge - INFO - process ingested knowledge for /app/data/b2c/13862/b9117v4/meta-rdk-13862/conf/distro/include/rdk_lto.inc
2025-08-29 08:17:40,966 - Knowledge - INFO - adding /app/data/b2c/13862/b9117v4/meta-rdk-13862/recipes-benchmark/stress-ng/files/openssl-ptest-stress.sh to ingest queue
2025-08-29 08:17:41,322 - Knowledge - INFO - adding /app/data/b2c/13862/b9117v4/meta-rdk-13862/recipes-support/network-zero-conf/files/board_access.sh to ingest queue
2025-08-29 08:17:41,324 - Knowledge - INFO - adding /app/data/b2c/13862/b9117v4/meta-rdk-13862/recipes-benchmark/stress-ng/files/openssl-ptest-perf_stats.sh to ingest queue
2025-08-29 08:17:41,329 - Knowledge - INFO - adding /app/data/b2c/13862/b9117v4/meta-rdk-13862/recipes-extended/webkitbrowser-plugin/include/webkitbrowser_properties.inc to ingest queue
2025-08-29 08:17:41,332 - Knowledge - INFO - worker kw1 pull /app/data/b2c/13862/b9117v4/meta-rdk-13862/conf/include/basehash_ignore_vars.inc from ingest queue
2025-08-29 08:17:41,333 - Knowledge - INFO - Thread kw1 - File basehash_ignore_vars.inc - Remaining files in queue: 33
2025-08-29 08:17:41,333 - Knowledge - INFO - start ingest for /app/data/b2c/13862/b9117v4/meta-rdk-13862/conf/include/basehash_ignore_vars.inc
2025-08-29 08:17:41,342 - Knowledge - INFO - Fast-track processing for simple file: /app/data/b2c/13862/b9117v4/meta-rdk-13862/conf/include/basehash_ignore_vars.inc
2025-08-29 08:17:41,342 - Knowledge - INFO - done fast ingest for /app/data/b2c/13862/b9117v4/meta-rdk-13862/conf/include/basehash_ignore_vars.inc
2025-08-29 08:17:41,342 - Knowledge - INFO - process ingested knowledge for /app/data/b2c/13862/b9117v4/meta-rdk-13862/conf/include/basehash_ignore_vars.inc
2025-08-29 08:17:41,447 - Knowledge - INFO - adding /app/data/b2c/13862/b9117v4/meta-rdk-13862/recipes-common/debug-tools/files/debug-tools_download.sh to ingest queue
2025-08-29 08:17:41,449 - Knowledge - INFO - adding /app/data/b2c/13862/b9117v4/meta-rdk-13862/recipes-extended/webkitbrowser-plugin/include/webkitbrowser_memorylimits.fhd.inc to ingest queue
2025-08-29 08:17:41,451 - Knowledge - INFO - worker kw13 pull /app/data/b2c/13862/b9117v4/meta-rdk-13862/recipes-test/hello/files/hello.c from ingest queue
2025-08-29 08:17:41,451 - Knowledge - INFO - Thread kw13 - File hello.c - Remaining files in queue: 34
2025-08-29 08:17:41,451 - Knowledge - INFO - start ingest for /app/data/b2c/13862/b9117v4/meta-rdk-13862/recipes-test/hello/files/hello.c
2025-08-29 08:17:41,498 - Knowledge - INFO - Fast-track processing for simple file: /app/data/b2c/13862/b9117v4/meta-rdk-13862/recipes-test/hello/files/hello.c
2025-08-29 08:17:41,498 - Knowledge - INFO - done fast ingest for /app/data/b2c/13862/b9117v4/meta-rdk-13862/recipes-test/hello/files/hello.c
2025-08-29 08:17:41,614 - Knowledge - INFO - process ingested knowledge for /app/data/b2c/13862/b9117v4/meta-rdk-13862/recipes-test/hello/files/hello.c
2025-08-29 08:17:41,706 - Knowledge - INFO - worker kw18 pull /app/data/b2c/13862/b9117v4/meta-rdk-13862/conf/include/hashbase_whitelist.inc from ingest queue
2025-08-29 08:17:41,706 - Knowledge - INFO - Thread kw18 - File hashbase_whitelist.inc - Remaining files in queue: 33
2025-08-29 08:17:41,706 - Knowledge - INFO - start ingest for /app/data/b2c/13862/b9117v4/meta-rdk-13862/conf/include/hashbase_whitelist.inc
2025-08-29 08:17:41,709 - Knowledge - INFO - Found code-base-name: https://github.com/kavia-common/meta-rdk-13862.git:kavia-master
2025-08-29 08:17:41,709 - Knowledge - INFO - Found code_base: <app.utils.kg_build.knowledge.KnowledgeCodeBase object at 0x7fb3c6594990>
2025-08-29 08:17:41,710 - Knowledge - INFO - persist ingested knowledge for /app/data/b2c/13862/b9117v4/meta-rdk-13862/conf/distro/include/rdk_lto.inc
2025-08-29 08:17:41,710 - Knowledge - INFO - adding /app/data/b2c/13862/b9117v4/meta-rdk-13862/recipes-common/safec-common-wrapper/files/safec_lib.h to ingest queue
2025-08-29 08:17:41,713 - Knowledge - INFO - worker kw22 pull /app/data/b2c/13862/b9117v4/meta-rdk-13862/recipes-test/leakcheck-msg/files/utility.c from ingest queue
2025-08-29 08:17:41,713 - Knowledge - INFO - Thread kw22 - File utility.c - Remaining files in queue: 33
2025-08-29 08:17:41,713 - Knowledge - INFO - start ingest for /app/data/b2c/13862/b9117v4/meta-rdk-13862/recipes-test/leakcheck-msg/files/utility.c
2025-08-29 08:17:41,718 - Knowledge - INFO - adding /app/data/b2c/13862/b9117v4/meta-rdk-13862/recipes-benchmark/stress-ng/files/rdk_oss_uploadSTBLogs.sh to ingest queue
2025-08-29 08:17:41,721 - Knowledge - INFO - adding /app/data/b2c/13862/b9117v4/meta-rdk-13862/recipes-extended/webkitbrowser-plugin/include/webkitbrowser_memorylimits.uhd.inc to ingest queue
2025-08-29 08:17:41,722 - Knowledge - INFO - Fast-track processing for simple file: /app/data/b2c/13862/b9117v4/meta-rdk-13862/conf/include/hashbase_whitelist.inc
2025-08-29 08:17:41,722 - Knowledge - INFO - done fast ingest for /app/data/b2c/13862/b9117v4/meta-rdk-13862/conf/include/hashbase_whitelist.inc
2025-08-29 08:17:41,723 - Knowledge - INFO - process ingested knowledge for /app/data/b2c/13862/b9117v4/meta-rdk-13862/conf/include/hashbase_whitelist.inc
2025-08-29 08:17:41,724 - Knowledge - INFO - adding /app/data/b2c/13862/b9117v4/meta-rdk-13862/recipes-benchmark/stress-ng/files/stress-ng-tests.sh to ingest queue
2025-08-29 08:17:41,729 - Knowledge - INFO - worker kw20 pull /app/data/b2c/13862/b9117v4/meta-rdk-13862/conf/distro/include/qt5-versions.inc from ingest queue
2025-08-29 08:17:41,729 - Knowledge - INFO - Thread kw20 - File qt5-versions.inc - Remaining files in queue: 35
2025-08-29 08:17:41,729 - Knowledge - INFO - start ingest for /app/data/b2c/13862/b9117v4/meta-rdk-13862/conf/distro/include/qt5-versions.inc
2025-08-29 08:17:41,729 - Knowledge - INFO - worker kw21 pull /app/data/b2c/13862/b9117v4/meta-rdk-13862/conf/distro/include/libsoup3.inc from ingest queue
2025-08-29 08:17:41,730 - Knowledge - INFO - Thread kw21 - File libsoup3.inc - Remaining files in queue: 34
2025-08-29 08:17:41,730 - Knowledge - INFO - start ingest for /app/data/b2c/13862/b9117v4/meta-rdk-13862/conf/distro/include/libsoup3.inc
2025-08-29 08:17:41,738 - Knowledge - INFO - adding /app/data/b2c/13862/b9117v4/meta-rdk-13862/recipes-common/sys_mon_tools/sys_mon_tools.inc to ingest queue
2025-08-29 08:17:41,740 - Knowledge - INFO - Found code-base-name: https://github.com/kavia-common/meta-rdk-13862.git:kavia-master
2025-08-29 08:17:41,740 - Knowledge - INFO - Found code_base: <app.utils.kg_build.knowledge.KnowledgeCodeBase object at 0x7fb3c6594990>
2025-08-29 08:17:41,740 - Knowledge - INFO - persist ingested knowledge for /app/data/b2c/13862/b9117v4/meta-rdk-13862/conf/include/basehash_ignore_vars.inc
2025-08-29 08:17:41,742 - Knowledge - INFO - worker kw6 pull /app/data/b2c/13862/b9117v4/meta-rdk-13862/conf/distro/include/rdkvemu.inc from ingest queue
2025-08-29 08:17:41,742 - Knowledge - INFO - Thread kw6 - File rdkvemu.inc - Remaining files in queue: 34
2025-08-29 08:17:41,742 - Knowledge - INFO - start ingest for /app/data/b2c/13862/b9117v4/meta-rdk-13862/conf/distro/include/rdkvemu.inc
2025-08-29 08:17:41,744 - Knowledge - INFO - adding /app/data/b2c/13862/b9117v4/meta-rdk-13862/recipes-core/images/rdk-generic-media-common.inc to ingest queue
2025-08-29 08:17:41,745 - Knowledge - INFO - adding /app/data/b2c/13862/b9117v4/meta-rdk-13862/recipes-extended/webkitbrowser-plugin/files/clearWebkitBrowserCache.sh to ingest queue
2025-08-29 08:17:41,746 - Knowledge - INFO - Found code-base-name: https://github.com/kavia-common/meta-rdk-13862.git:kavia-master
2025-08-29 08:17:41,746 - Knowledge - INFO - Found code_base: <app.utils.kg_build.knowledge.KnowledgeCodeBase object at 0x7fb3c6594990>
2025-08-29 08:17:41,746 - Knowledge - INFO - persist ingested knowledge for /app/data/b2c/13862/b9117v4/meta-rdk-13862/recipes-test/hello/files/hello.c
2025-08-29 08:17:41,751 - Knowledge - INFO - adding /app/data/b2c/13862/b9117v4/meta-rdk-13862/recipes-extended/webkitbrowser-plugin/include/webkitbrowser_memorylimits.default.inc to ingest queue
2025-08-29 08:17:41,755 - Knowledge - INFO - worker kw25 pull /app/data/b2c/13862/b9117v4/meta-rdk-13862/conf/distro/include/license_flags_whitelist.inc from ingest queue
2025-08-29 08:17:41,755 - Knowledge - INFO - Thread kw25 - File license_flags_whitelist.inc - Remaining files in queue: 36
2025-08-29 08:17:41,755 - Knowledge - INFO - start ingest for /app/data/b2c/13862/b9117v4/meta-rdk-13862/conf/distro/include/license_flags_whitelist.inc
2025-08-29 08:17:41,756 - Knowledge - INFO - worker kw10 pull /app/data/b2c/13862/b9117v4/meta-rdk-13862/conf/distro/include/rdk_security_flags.inc from ingest queue
2025-08-29 08:17:41,756 - Knowledge - INFO - Thread kw10 - File rdk_security_flags.inc - Remaining files in queue: 35
2025-08-29 08:17:41,756 - Knowledge - INFO - start ingest for /app/data/b2c/13862/b9117v4/meta-rdk-13862/conf/distro/include/rdk_security_flags.inc
2025-08-29 08:17:41,794 - Knowledge - INFO - adding /app/data/b2c/13862/b9117v4/meta-rdk-13862/rename_srcrev.sh to ingest queue
2025-08-29 08:17:41,794 - Knowledge - INFO - worker kw15 pull /app/data/b2c/13862/b9117v4/meta-rdk-13862/conf/distro/include/rdk-external-src.inc from ingest queue
2025-08-29 08:17:41,794 - Knowledge - INFO - Thread kw15 - File rdk-external-src.inc - Remaining files in queue: 35
2025-08-29 08:17:41,794 - Knowledge - INFO - start ingest for /app/data/b2c/13862/b9117v4/meta-rdk-13862/conf/distro/include/rdk-external-src.inc
2025-08-29 08:17:41,810 - Knowledge - INFO - worker kw5 pull /app/data/b2c/13862/b9117v4/meta-rdk-13862/conf/distro/include/rdkc.inc from ingest queue
2025-08-29 08:17:41,810 - Knowledge - INFO - Thread kw5 - File rdkc.inc - Remaining files in queue: 34
2025-08-29 08:17:41,810 - Knowledge - INFO - start ingest for /app/data/b2c/13862/b9117v4/meta-rdk-13862/conf/distro/include/rdkc.inc
2025-08-29 08:17:41,811 - Knowledge - INFO - worker kw12 pull /app/data/b2c/13862/b9117v4/meta-rdk-13862/conf/distro/include/rdk_multilib.inc from ingest queue
2025-08-29 08:17:41,812 - Knowledge - INFO - Thread kw12 - File rdk_multilib.inc - Remaining files in queue: 33
2025-08-29 08:17:41,812 - Knowledge - INFO - start ingest for /app/data/b2c/13862/b9117v4/meta-rdk-13862/conf/distro/include/rdk_multilib.inc
2025-08-29 08:17:41,820 - Knowledge - INFO - Fast-track processing for simple file: /app/data/b2c/13862/b9117v4/meta-rdk-13862/conf/distro/include/rdk-external-src.inc
2025-08-29 08:17:41,820 - Knowledge - INFO - done fast ingest for /app/data/b2c/13862/b9117v4/meta-rdk-13862/conf/distro/include/rdk-external-src.inc
2025-08-29 08:17:41,820 - Knowledge - INFO - process ingested knowledge for /app/data/b2c/13862/b9117v4/meta-rdk-13862/conf/distro/include/rdk-external-src.inc
2025-08-29 08:17:41,826 - Knowledge - INFO - Fast-track processing for simple file: /app/data/b2c/13862/b9117v4/meta-rdk-13862/conf/distro/include/rdk_multilib.inc
2025-08-29 08:17:41,826 - Knowledge - INFO - done fast ingest for /app/data/b2c/13862/b9117v4/meta-rdk-13862/conf/distro/include/rdk_multilib.inc
2025-08-29 08:17:41,827 - Knowledge - INFO - process ingested knowledge for /app/data/b2c/13862/b9117v4/meta-rdk-13862/conf/distro/include/rdk_multilib.inc
2025-08-29 08:17:42,044 - Knowledge - INFO - adding /app/data/b2c/13862/b9117v4/meta-rdk-13862/CONTRIBUTING.md to ingest queue
2025-08-29 08:17:42,046 - Knowledge - INFO - worker kw16 pull /app/data/b2c/13862/b9117v4/meta-rdk-13862/conf/distro/include/rdk-esdk-conf.inc from ingest queue
2025-08-29 08:17:42,047 - Knowledge - INFO - Thread kw16 - File rdk-esdk-conf.inc - Remaining files in queue: 33
2025-08-29 08:17:42,047 - Knowledge - INFO - start ingest for /app/data/b2c/13862/b9117v4/meta-rdk-13862/conf/distro/include/rdk-esdk-conf.inc
2025-08-29 08:17:42,048 - Knowledge - INFO - worker kw3 pull /app/data/b2c/13862/b9117v4/meta-rdk-13862/conf/distro/include/rdkv.inc from ingest queue
2025-08-29 08:17:42,048 - Knowledge - INFO - Thread kw3 - File rdkv.inc - Remaining files in queue: 32
2025-08-29 08:17:42,048 - Knowledge - INFO - start ingest for /app/data/b2c/13862/b9117v4/meta-rdk-13862/conf/distro/include/rdkv.inc
2025-08-29 08:17:42,098 - Knowledge - INFO - worker kw19 pull /app/data/b2c/13862/b9117v4/meta-rdk-13862/conf/distro/include/rdkx.inc from ingest queue
2025-08-29 08:17:42,098 - Knowledge - INFO - Thread kw19 - File rdkx.inc - Remaining files in queue: 31
2025-08-29 08:17:42,098 - Knowledge - INFO - start ingest for /app/data/b2c/13862/b9117v4/meta-rdk-13862/conf/distro/include/rdkx.inc
2025-08-29 08:17:42,121 - Knowledge - INFO - Fast-track processing for simple file: /app/data/b2c/13862/b9117v4/meta-rdk-13862/conf/distro/include/rdk-esdk-conf.inc
2025-08-29 08:17:42,121 - Knowledge - INFO - done fast ingest for /app/data/b2c/13862/b9117v4/meta-rdk-13862/conf/distro/include/rdk-esdk-conf.inc
2025-08-29 08:17:42,121 - Knowledge - INFO - process ingested knowledge for /app/data/b2c/13862/b9117v4/meta-rdk-13862/conf/distro/include/rdk-esdk-conf.inc
2025-08-29 08:17:42,134 - Knowledge - INFO - worker kw8 pull /app/data/b2c/13862/b9117v4/meta-rdk-13862/conf/conf-notes.txt from ingest queue
2025-08-29 08:17:42,135 - Knowledge - INFO - Thread kw8 - File conf-notes.txt - Remaining files in queue: 30
2025-08-29 08:17:42,135 - Knowledge - INFO - start ingest for /app/data/b2c/13862/b9117v4/meta-rdk-13862/conf/conf-notes.txt
2025-08-29 08:17:42,195 - Knowledge - INFO - Fast-track processing for simple file: /app/data/b2c/13862/b9117v4/meta-rdk-13862/conf/distro/include/rdkx.inc
2025-08-29 08:17:42,195 - Knowledge - INFO - done fast ingest for /app/data/b2c/13862/b9117v4/meta-rdk-13862/conf/distro/include/rdkx.inc
2025-08-29 08:17:42,201 - Knowledge - INFO - process ingested knowledge for /app/data/b2c/13862/b9117v4/meta-rdk-13862/conf/distro/include/rdkx.inc
2025-08-29 08:17:42,224 - Knowledge - INFO - Fast-track processing for simple file: /app/data/b2c/13862/b9117v4/meta-rdk-13862/conf/conf-notes.txt
2025-08-29 08:17:42,225 - Knowledge - INFO - done fast ingest for /app/data/b2c/13862/b9117v4/meta-rdk-13862/conf/conf-notes.txt
2025-08-29 08:17:42,236 - Knowledge - INFO - process ingested knowledge for /app/data/b2c/13862/b9117v4/meta-rdk-13862/conf/conf-notes.txt
2025-08-29 08:17:42,317 - Knowledge - INFO - done ingest for /app/data/b2c/13862/b9117v4/meta-rdk-13862/conf/distro/include/libsoup2.inc
2025-08-29 08:17:42,317 - Knowledge - INFO - process ingested knowledge for /app/data/b2c/13862/b9117v4/meta-rdk-13862/conf/distro/include/libsoup2.inc
2025-08-29 08:17:42,897 - Knowledge - INFO - worker kw9 pull /app/data/b2c/13862/b9117v4/meta-rdk-13862/conf/distro/include/rdkb.inc from ingest queue
2025-08-29 08:17:42,897 - Knowledge - INFO - Thread kw9 - File rdkb.inc - Remaining files in queue: 29
2025-08-29 08:17:42,898 - Knowledge - INFO - Found code-base-name: https://github.com/kavia-common/meta-rdk-13862.git:kavia-master
2025-08-29 08:17:42,898 - Knowledge - INFO - Found code_base: <app.utils.kg_build.knowledge.KnowledgeCodeBase object at 0x7fb3c6594990>
2025-08-29 08:17:42,898 - Knowledge - INFO - persist ingested knowledge for /app/data/b2c/13862/b9117v4/meta-rdk-13862/conf/include/hashbase_whitelist.inc
2025-08-29 08:17:42,900 - Knowledge - INFO - start ingest for /app/data/b2c/13862/b9117v4/meta-rdk-13862/conf/distro/include/rdkb.inc
2025-08-29 08:17:42,901 - Knowledge - INFO - worker kw17 pull /app/data/b2c/13862/b9117v4/meta-rdk-13862/conf/distro/include/rdk_backtrace_log.inc from ingest queue
2025-08-29 08:17:42,901 - Knowledge - INFO - Thread kw17 - File rdk_backtrace_log.inc - Remaining files in queue: 28
2025-08-29 08:17:42,901 - Knowledge - INFO - start ingest for /app/data/b2c/13862/b9117v4/meta-rdk-13862/conf/distro/include/rdk_backtrace_log.inc
2025-08-29 08:17:42,904 - Knowledge - INFO - Found code-base-name: https://github.com/kavia-common/meta-rdk-13862.git:kavia-master
2025-08-29 08:17:42,904 - Knowledge - INFO - Found code_base: <app.utils.kg_build.knowledge.KnowledgeCodeBase object at 0x7fb3c6594990>
2025-08-29 08:17:42,904 - Knowledge - INFO - persist ingested knowledge for /app/data/b2c/13862/b9117v4/meta-rdk-13862/conf/distro/include/rdk-external-src.inc
2025-08-29 08:17:42,911 - Knowledge - INFO - Found code-base-name: https://github.com/kavia-common/meta-rdk-13862.git:kavia-master
2025-08-29 08:17:42,911 - Knowledge - INFO - Found code_base: <app.utils.kg_build.knowledge.KnowledgeCodeBase object at 0x7fb3c6594990>
2025-08-29 08:17:42,911 - Knowledge - INFO - persist ingested knowledge for /app/data/b2c/13862/b9117v4/meta-rdk-13862/conf/distro/include/rdk_multilib.inc
2025-08-29 08:17:42,912 - Knowledge - INFO - adding /app/data/b2c/13862/b9117v4/meta-rdk-13862/recipes-core/images/rdk-esdk-override.inc to ingest queue
2025-08-29 08:17:42,913 - Knowledge - INFO - worker kw4 pull /app/data/b2c/13862/b9117v4/meta-rdk-13862/conf/distro/include/setscene_enforce_ignore_tasks.inc from ingest queue
2025-08-29 08:17:42,913 - Knowledge - INFO - Thread kw4 - File setscene_enforce_ignore_tasks.inc - Remaining files in queue: 28
2025-08-29 08:17:42,913 - Knowledge - INFO - start ingest for /app/data/b2c/13862/b9117v4/meta-rdk-13862/conf/distro/include/setscene_enforce_ignore_tasks.inc
2025-08-29 08:17:42,917 - Knowledge - INFO - Found code-base-name: https://github.com/kavia-common/meta-rdk-13862.git:kavia-master
2025-08-29 08:17:42,918 - Knowledge - INFO - Found code_base: <app.utils.kg_build.knowledge.KnowledgeCodeBase object at 0x7fb3c6594990>
2025-08-29 08:17:42,918 - Knowledge - INFO - persist ingested knowledge for /app/data/b2c/13862/b9117v4/meta-rdk-13862/conf/distro/include/rdk-esdk-conf.inc
2025-08-29 08:17:42,921 - Knowledge - INFO - Found code-base-name: https://github.com/kavia-common/meta-rdk-13862.git:kavia-master
2025-08-29 08:17:42,921 - Knowledge - INFO - Found code_base: <app.utils.kg_build.knowledge.KnowledgeCodeBase object at 0x7fb3c6594990>
2025-08-29 08:17:42,921 - Knowledge - INFO - persist ingested knowledge for /app/data/b2c/13862/b9117v4/meta-rdk-13862/conf/distro/include/rdkx.inc
2025-08-29 08:17:42,923 - Knowledge - INFO - Found code-base-name: https://github.com/kavia-common/meta-rdk-13862.git:kavia-master
2025-08-29 08:17:42,923 - Knowledge - INFO - Found code_base: <app.utils.kg_build.knowledge.KnowledgeCodeBase object at 0x7fb3c6594990>
2025-08-29 08:17:42,923 - Knowledge - INFO - persist ingested knowledge for /app/data/b2c/13862/b9117v4/meta-rdk-13862/conf/conf-notes.txt
2025-08-29 08:17:42,926 - Knowledge - INFO - Fast-track processing for simple file: /app/data/b2c/13862/b9117v4/meta-rdk-13862/conf/distro/include/setscene_enforce_ignore_tasks.inc
2025-08-29 08:17:42,926 - Knowledge - INFO - done fast ingest for /app/data/b2c/13862/b9117v4/meta-rdk-13862/conf/distro/include/setscene_enforce_ignore_tasks.inc
2025-08-29 08:17:42,926 - Knowledge - INFO - process ingested knowledge for /app/data/b2c/13862/b9117v4/meta-rdk-13862/conf/distro/include/setscene_enforce_ignore_tasks.inc
2025-08-29 08:17:42,929 - Knowledge - INFO - Found code-base-name: https://github.com/kavia-common/meta-rdk-13862.git:kavia-master
2025-08-29 08:17:42,929 - Knowledge - INFO - Found code_base: <app.utils.kg_build.knowledge.KnowledgeCodeBase object at 0x7fb3c6594990>
2025-08-29 08:17:42,929 - Knowledge - INFO - persist ingested knowledge for /app/data/b2c/13862/b9117v4/meta-rdk-13862/conf/distro/include/libsoup2.inc
2025-08-29 08:17:42,937 - Knowledge - INFO - worker kw2 pull /app/data/b2c/13862/b9117v4/meta-rdk-13862/conf/distro/include/rdkb_backtrace_log.inc from ingest queue
2025-08-29 08:17:42,937 - Knowledge - INFO - Thread kw2 - File rdkb_backtrace_log.inc - Remaining files in queue: 27
2025-08-29 08:17:42,938 - Knowledge - INFO - start ingest for /app/data/b2c/13862/b9117v4/meta-rdk-13862/conf/distro/include/rdkb_backtrace_log.inc
2025-08-29 08:17:42,938 - Knowledge - INFO - worker kw11 pull /app/data/b2c/13862/b9117v4/meta-rdk-13862/conf/distro/include/gstreamer-versions.inc from ingest queue
2025-08-29 08:17:42,939 - Knowledge - INFO - Thread kw11 - File gstreamer-versions.inc - Remaining files in queue: 26
2025-08-29 08:17:42,939 - Knowledge - INFO - start ingest for /app/data/b2c/13862/b9117v4/meta-rdk-13862/conf/distro/include/gstreamer-versions.inc
2025-08-29 08:17:43,214 - Knowledge - INFO - worker kw18 pull /app/data/b2c/13862/b9117v4/meta-rdk-13862/conf/distro/include/rdk-versions.inc from ingest queue
2025-08-29 08:17:43,214 - Knowledge - INFO - Thread kw18 - File rdk-versions.inc - Remaining files in queue: 25
2025-08-29 08:17:43,215 - Knowledge - INFO - start ingest for /app/data/b2c/13862/b9117v4/meta-rdk-13862/conf/distro/include/rdk-versions.inc
2025-08-29 08:17:44,647 - Knowledge - INFO - Found code-base-name: https://github.com/kavia-common/meta-rdk-13862.git:kavia-master
2025-08-29 08:17:44,647 - Knowledge - INFO - Found code_base: <app.utils.kg_build.knowledge.KnowledgeCodeBase object at 0x7fb3c6594990>
2025-08-29 08:17:44,647 - Knowledge - INFO - persist ingested knowledge for /app/data/b2c/13862/b9117v4/meta-rdk-13862/conf/distro/include/setscene_enforce_ignore_tasks.inc
2025-08-29 08:17:44,900 - Knowledge - INFO - worker kw13 pull /app/data/b2c/13862/b9117v4/meta-rdk-13862/conf/distro/include/license_flags_accepted.inc from ingest queue
2025-08-29 08:17:44,901 - Knowledge - INFO - Thread kw13 - File license_flags_accepted.inc - Remaining files in queue: 24
2025-08-29 08:17:44,901 - Knowledge - INFO - start ingest for /app/data/b2c/13862/b9117v4/meta-rdk-13862/conf/distro/include/license_flags_accepted.inc
2025-08-29 08:17:44,910 - Knowledge - INFO - worker kw23 pull /app/data/b2c/13862/b9117v4/meta-rdk-13862/recipes-core/images/sdk-common.inc from ingest queue
2025-08-29 08:17:44,910 - Knowledge - INFO - Thread kw23 - File sdk-common.inc - Remaining files in queue: 23
2025-08-29 08:17:44,910 - Knowledge - INFO - start ingest for /app/data/b2c/13862/b9117v4/meta-rdk-13862/recipes-core/images/sdk-common.inc
2025-08-29 08:17:45,220 - Knowledge - INFO - worker kw12 pull /app/data/b2c/13862/b9117v4/meta-rdk-13862/recipes-extended/webkitbrowser-plugin/include/webkitbrowser_memorylimits.2gb.inc from ingest queue
2025-08-29 08:17:45,220 - Knowledge - INFO - Thread kw12 - File webkitbrowser_memorylimits.2gb.inc - Remaining files in queue: 22
2025-08-29 08:17:45,220 - Knowledge - INFO - start ingest for /app/data/b2c/13862/b9117v4/meta-rdk-13862/recipes-extended/webkitbrowser-plugin/include/webkitbrowser_memorylimits.2gb.inc
2025-08-29 08:17:45,231 - Knowledge - INFO - worker kw1 pull /app/data/b2c/13862/b9117v4/meta-rdk-13862/recipes-benchmark/stress-ng/files/capture-proc-metrics.sh from ingest queue
2025-08-29 08:17:45,232 - Knowledge - INFO - Thread kw1 - File capture-proc-metrics.sh - Remaining files in queue: 21
2025-08-29 08:17:45,232 - Knowledge - INFO - start ingest for /app/data/b2c/13862/b9117v4/meta-rdk-13862/recipes-benchmark/stress-ng/files/capture-proc-metrics.sh
2025-08-29 08:17:45,234 - Knowledge - INFO - Fast-track processing for simple file: /app/data/b2c/13862/b9117v4/meta-rdk-13862/recipes-extended/webkitbrowser-plugin/include/webkitbrowser_memorylimits.2gb.inc
2025-08-29 08:17:45,234 - Knowledge - INFO - done fast ingest for /app/data/b2c/13862/b9117v4/meta-rdk-13862/recipes-extended/webkitbrowser-plugin/include/webkitbrowser_memorylimits.2gb.inc
2025-08-29 08:17:45,235 - Knowledge - INFO - process ingested knowledge for /app/data/b2c/13862/b9117v4/meta-rdk-13862/recipes-extended/webkitbrowser-plugin/include/webkitbrowser_memorylimits.2gb.inc
2025-08-29 08:17:45,242 - Knowledge - INFO - worker kw19 pull /app/data/b2c/13862/b9117v4/meta-rdk-13862/recipes-containers/dobby/dobby.inc from ingest queue
2025-08-29 08:17:45,242 - Knowledge - INFO - Thread kw19 - File dobby.inc - Remaining files in queue: 20
2025-08-29 08:17:45,243 - Knowledge - INFO - start ingest for /app/data/b2c/13862/b9117v4/meta-rdk-13862/recipes-containers/dobby/dobby.inc
2025-08-29 08:17:45,255 - Knowledge - INFO - worker kw8 pull /app/data/b2c/13862/b9117v4/meta-rdk-13862/conf/distro/include/setscene_enforce_whitelist.inc from ingest queue
2025-08-29 08:17:45,255 - Knowledge - INFO - Thread kw8 - File setscene_enforce_whitelist.inc - Remaining files in queue: 19
2025-08-29 08:17:45,256 - Knowledge - INFO - start ingest for /app/data/b2c/13862/b9117v4/meta-rdk-13862/conf/distro/include/setscene_enforce_whitelist.inc
2025-08-29 08:17:45,258 - Knowledge - INFO - Fast-track processing for simple file: /app/data/b2c/13862/b9117v4/meta-rdk-13862/recipes-containers/dobby/dobby.inc
2025-08-29 08:17:45,258 - Knowledge - INFO - done fast ingest for /app/data/b2c/13862/b9117v4/meta-rdk-13862/recipes-containers/dobby/dobby.inc
2025-08-29 08:17:45,259 - Knowledge - INFO - process ingested knowledge for /app/data/b2c/13862/b9117v4/meta-rdk-13862/recipes-containers/dobby/dobby.inc
2025-08-29 08:17:45,260 - Knowledge - INFO - worker kw15 pull /app/data/b2c/13862/b9117v4/meta-rdk-13862/recipes-common/gtest-apps/gtest-apps/gtest_apps_download.sh from ingest queue
2025-08-29 08:17:45,260 - Knowledge - INFO - Thread kw15 - File gtest_apps_download.sh - Remaining files in queue: 18
2025-08-29 08:17:45,260 - Knowledge - INFO - start ingest for /app/data/b2c/13862/b9117v4/meta-rdk-13862/recipes-common/gtest-apps/gtest-apps/gtest_apps_download.sh
2025-08-29 08:17:45,288 - Knowledge - INFO - Found code-base-name: https://github.com/kavia-common/meta-rdk-13862.git:kavia-master
2025-08-29 08:17:45,289 - Knowledge - INFO - Found code_base: <app.utils.kg_build.knowledge.KnowledgeCodeBase object at 0x7fb3c6594990>
2025-08-29 08:17:45,289 - Knowledge - INFO - persist ingested knowledge for /app/data/b2c/13862/b9117v4/meta-rdk-13862/recipes-extended/webkitbrowser-plugin/include/webkitbrowser_memorylimits.2gb.inc
2025-08-29 08:17:45,294 - Knowledge - INFO - Fast-track processing for simple file: /app/data/b2c/13862/b9117v4/meta-rdk-13862/conf/distro/include/setscene_enforce_whitelist.inc
2025-08-29 08:17:45,294 - Knowledge - INFO - done fast ingest for /app/data/b2c/13862/b9117v4/meta-rdk-13862/conf/distro/include/setscene_enforce_whitelist.inc
2025-08-29 08:17:45,294 - Knowledge - INFO - process ingested knowledge for /app/data/b2c/13862/b9117v4/meta-rdk-13862/conf/distro/include/setscene_enforce_whitelist.inc
2025-08-29 08:17:45,620 - Knowledge - INFO - worker kw16 pull /app/data/b2c/13862/b9117v4/meta-rdk-13862/recipes-support/network-zero-conf/files/default-time-setter.sh from ingest queue
2025-08-29 08:17:45,621 - Knowledge - INFO - Thread kw16 - File default-time-setter.sh - Remaining files in queue: 17
2025-08-29 08:17:45,621 - Knowledge - INFO - start ingest for /app/data/b2c/13862/b9117v4/meta-rdk-13862/recipes-support/network-zero-conf/files/default-time-setter.sh
2025-08-29 08:17:45,622 - Knowledge - INFO - Found code-base-name: https://github.com/kavia-common/meta-rdk-13862.git:kavia-master
2025-08-29 08:17:45,622 - Knowledge - INFO - Found code_base: <app.utils.kg_build.knowledge.KnowledgeCodeBase object at 0x7fb3c6594990>
2025-08-29 08:17:45,622 - Knowledge - INFO - persist ingested knowledge for /app/data/b2c/13862/b9117v4/meta-rdk-13862/recipes-containers/dobby/dobby.inc
2025-08-29 08:17:45,628 - Knowledge - INFO - worker kw7 pull /app/data/b2c/13862/b9117v4/meta-rdk-13862/recipes-benchmark/stress-ng/files/openssl-ptest-stress.sh from ingest queue
2025-08-29 08:17:45,628 - Knowledge - INFO - Thread kw7 - File openssl-ptest-stress.sh - Remaining files in queue: 16
2025-08-29 08:17:45,628 - Knowledge - INFO - start ingest for /app/data/b2c/13862/b9117v4/meta-rdk-13862/recipes-benchmark/stress-ng/files/openssl-ptest-stress.sh
2025-08-29 08:17:45,636 - Knowledge - INFO - worker kw12 pull /app/data/b2c/13862/b9117v4/meta-rdk-13862/recipes-support/network-zero-conf/files/board_access.sh from ingest queue
2025-08-29 08:17:45,636 - Knowledge - INFO - Thread kw12 - File board_access.sh - Remaining files in queue: 15
2025-08-29 08:17:45,636 - Knowledge - INFO - start ingest for /app/data/b2c/13862/b9117v4/meta-rdk-13862/recipes-support/network-zero-conf/files/board_access.sh
2025-08-29 08:17:45,642 - Knowledge - INFO - Fast-track processing for simple file: /app/data/b2c/13862/b9117v4/meta-rdk-13862/recipes-support/network-zero-conf/files/default-time-setter.sh
2025-08-29 08:17:45,642 - Knowledge - INFO - done fast ingest for /app/data/b2c/13862/b9117v4/meta-rdk-13862/recipes-support/network-zero-conf/files/default-time-setter.sh
2025-08-29 08:17:45,642 - Knowledge - INFO - process ingested knowledge for /app/data/b2c/13862/b9117v4/meta-rdk-13862/recipes-support/network-zero-conf/files/default-time-setter.sh
2025-08-29 08:17:45,927 - Knowledge - INFO - Found code-base-name: https://github.com/kavia-common/meta-rdk-13862.git:kavia-master
2025-08-29 08:17:45,927 - Knowledge - INFO - Found code_base: <app.utils.kg_build.knowledge.KnowledgeCodeBase object at 0x7fb3c6594990>
2025-08-29 08:17:45,927 - Knowledge - INFO - persist ingested knowledge for /app/data/b2c/13862/b9117v4/meta-rdk-13862/conf/distro/include/setscene_enforce_whitelist.inc
2025-08-29 08:17:46,224 - Knowledge - INFO - Found code-base-name: https://github.com/kavia-common/meta-rdk-13862.git:kavia-master
2025-08-29 08:17:46,224 - Knowledge - INFO - Found code_base: <app.utils.kg_build.knowledge.KnowledgeCodeBase object at 0x7fb3c6594990>
2025-08-29 08:17:46,224 - Knowledge - INFO - persist ingested knowledge for /app/data/b2c/13862/b9117v4/meta-rdk-13862/recipes-support/network-zero-conf/files/default-time-setter.sh
2025-08-29 08:17:46,232 - Knowledge - INFO - worker kw19 pull /app/data/b2c/13862/b9117v4/meta-rdk-13862/recipes-benchmark/stress-ng/files/openssl-ptest-perf_stats.sh from ingest queue
2025-08-29 08:17:46,232 - Knowledge - INFO - Thread kw19 - File openssl-ptest-perf_stats.sh - Remaining files in queue: 14
2025-08-29 08:17:46,232 - Knowledge - INFO - start ingest for /app/data/b2c/13862/b9117v4/meta-rdk-13862/recipes-benchmark/stress-ng/files/openssl-ptest-perf_stats.sh
2025-08-29 08:17:46,510 - Knowledge - INFO - done ingest for /app/data/b2c/13862/b9117v4/meta-rdk-13862/recipes-test/hello/files/run-hello-app.sh
2025-08-29 08:17:46,519 - Knowledge - INFO - process ingested knowledge for /app/data/b2c/13862/b9117v4/meta-rdk-13862/recipes-test/hello/files/run-hello-app.sh
2025-08-29 08:17:46,620 - Knowledge - INFO - worker kw4 pull /app/data/b2c/13862/b9117v4/meta-rdk-13862/recipes-extended/webkitbrowser-plugin/include/webkitbrowser_properties.inc from ingest queue
2025-08-29 08:17:46,621 - Knowledge - INFO - Thread kw4 - File webkitbrowser_properties.inc - Remaining files in queue: 13
2025-08-29 08:17:46,621 - Knowledge - INFO - start ingest for /app/data/b2c/13862/b9117v4/meta-rdk-13862/recipes-extended/webkitbrowser-plugin/include/webkitbrowser_properties.inc
2025-08-29 08:17:46,624 - Knowledge - INFO - Found code-base-name: https://github.com/kavia-common/meta-rdk-13862.git:kavia-master
2025-08-29 08:17:46,625 - Knowledge - INFO - Found code_base: <app.utils.kg_build.knowledge.KnowledgeCodeBase object at 0x7fb3c6594990>
2025-08-29 08:17:46,625 - Knowledge - INFO - persist ingested knowledge for /app/data/b2c/13862/b9117v4/meta-rdk-13862/recipes-test/hello/files/run-hello-app.sh
2025-08-29 08:17:47,250 - Knowledge - INFO - done ingest for /app/data/b2c/13862/b9117v4/meta-rdk-13862/conf/distro/include/qt5-versions.inc
2025-08-29 08:17:47,258 - Knowledge - INFO - process ingested knowledge for /app/data/b2c/13862/b9117v4/meta-rdk-13862/conf/distro/include/qt5-versions.inc
2025-08-29 08:17:47,689 - Knowledge - INFO - persist search terms embedding for recipes-test/hello/files/run-hello-app.sh
2025-08-29 08:17:47,702 - Knowledge - INFO - done ingest for /app/data/b2c/13862/b9117v4/meta-rdk-13862/conf/distro/include/libsoup3.inc
2025-08-29 08:17:47,703 - Knowledge - INFO - process ingested knowledge for /app/data/b2c/13862/b9117v4/meta-rdk-13862/conf/distro/include/libsoup3.inc
2025-08-29 08:17:47,809 - Knowledge - INFO - done ingest for /app/data/b2c/13862/b9117v4/meta-rdk-13862/conf/distro/include/license_flags_whitelist.inc
2025-08-29 08:17:47,809 - Knowledge - INFO - process ingested knowledge for /app/data/b2c/13862/b9117v4/meta-rdk-13862/conf/distro/include/license_flags_whitelist.inc
2025-08-29 08:17:47,923 - Knowledge - INFO - done ingest for /app/data/b2c/13862/b9117v4/meta-rdk-13862/conf/distro/include/rdkvemu.inc
2025-08-29 08:17:47,926 - Knowledge - INFO - process ingested knowledge for /app/data/b2c/13862/b9117v4/meta-rdk-13862/conf/distro/include/rdkvemu.inc
2025-08-29 08:17:48,000 - Knowledge - INFO - worker kw16 pull /app/data/b2c/13862/b9117v4/meta-rdk-13862/recipes-common/debug-tools/files/debug-tools_download.sh from ingest queue
2025-08-29 08:17:48,000 - Knowledge - INFO - Thread kw16 - File debug-tools_download.sh - Remaining files in queue: 12
2025-08-29 08:17:48,000 - Knowledge - INFO - start ingest for /app/data/b2c/13862/b9117v4/meta-rdk-13862/recipes-common/debug-tools/files/debug-tools_download.sh
2025-08-29 08:17:48,010 - Knowledge - INFO - Found code-base-name: https://github.com/kavia-common/meta-rdk-13862.git:kavia-master
2025-08-29 08:17:48,011 - Knowledge - INFO - Found code_base: <app.utils.kg_build.knowledge.KnowledgeCodeBase object at 0x7fb3c6594990>
2025-08-29 08:17:48,011 - Knowledge - INFO - persist ingested knowledge for /app/data/b2c/13862/b9117v4/meta-rdk-13862/conf/distro/include/qt5-versions.inc
2025-08-29 08:17:48,012 - Knowledge - INFO - Found code-base-name: https://github.com/kavia-common/meta-rdk-13862.git:kavia-master
2025-08-29 08:17:48,013 - Knowledge - INFO - Found code_base: <app.utils.kg_build.knowledge.KnowledgeCodeBase object at 0x7fb3c6594990>
2025-08-29 08:17:48,013 - Knowledge - INFO - persist ingested knowledge for /app/data/b2c/13862/b9117v4/meta-rdk-13862/conf/distro/include/libsoup3.inc
2025-08-29 08:17:48,013 - Knowledge - INFO - Found code-base-name: https://github.com/kavia-common/meta-rdk-13862.git:kavia-master
2025-08-29 08:17:48,013 - Knowledge - INFO - Found code_base: <app.utils.kg_build.knowledge.KnowledgeCodeBase object at 0x7fb3c6594990>
2025-08-29 08:17:48,014 - Knowledge - INFO - persist ingested knowledge for /app/data/b2c/13862/b9117v4/meta-rdk-13862/conf/distro/include/license_flags_whitelist.inc
2025-08-29 08:17:48,014 - Knowledge - INFO - Found code-base-name: https://github.com/kavia-common/meta-rdk-13862.git:kavia-master
2025-08-29 08:17:48,014 - Knowledge - INFO - Found code_base: <app.utils.kg_build.knowledge.KnowledgeCodeBase object at 0x7fb3c6594990>
2025-08-29 08:17:48,014 - Knowledge - INFO - persist ingested knowledge for /app/data/b2c/13862/b9117v4/meta-rdk-13862/conf/distro/include/rdkvemu.inc
2025-08-29 08:17:48,017 - Knowledge - INFO - worker kw8 pull /app/data/b2c/13862/b9117v4/meta-rdk-13862/recipes-extended/webkitbrowser-plugin/include/webkitbrowser_memorylimits.fhd.inc from ingest queue
2025-08-29 08:17:48,017 - Knowledge - INFO - Thread kw8 - File webkitbrowser_memorylimits.fhd.inc - Remaining files in queue: 11
2025-08-29 08:17:48,018 - Knowledge - INFO - start ingest for /app/data/b2c/13862/b9117v4/meta-rdk-13862/recipes-extended/webkitbrowser-plugin/include/webkitbrowser_memorylimits.fhd.inc
2025-08-29 08:17:48,018 - Knowledge - INFO - worker kw14 pull /app/data/b2c/13862/b9117v4/meta-rdk-13862/recipes-common/safec-common-wrapper/files/safec_lib.h from ingest queue
2025-08-29 08:17:48,018 - Knowledge - INFO - Thread kw14 - File safec_lib.h - Remaining files in queue: 10
2025-08-29 08:17:48,018 - Knowledge - INFO - start ingest for /app/data/b2c/13862/b9117v4/meta-rdk-13862/recipes-common/safec-common-wrapper/files/safec_lib.h
2025-08-29 08:17:48,028 - Knowledge - INFO - Fast-track processing for simple file: /app/data/b2c/13862/b9117v4/meta-rdk-13862/recipes-extended/webkitbrowser-plugin/include/webkitbrowser_memorylimits.fhd.inc
2025-08-29 08:17:48,028 - Knowledge - INFO - done fast ingest for /app/data/b2c/13862/b9117v4/meta-rdk-13862/recipes-extended/webkitbrowser-plugin/include/webkitbrowser_memorylimits.fhd.inc
2025-08-29 08:17:48,028 - Knowledge - INFO - process ingested knowledge for /app/data/b2c/13862/b9117v4/meta-rdk-13862/recipes-extended/webkitbrowser-plugin/include/webkitbrowser_memorylimits.fhd.inc
2025-08-29 08:17:48,500 - Knowledge - INFO - done ingest for /app/data/b2c/13862/b9117v4/meta-rdk-13862/conf/distro/include/rdkc.inc
2025-08-29 08:17:48,502 - Knowledge - INFO - process ingested knowledge for /app/data/b2c/13862/b9117v4/meta-rdk-13862/conf/distro/include/rdkc.inc
2025-08-29 08:17:49,000 - Knowledge - INFO - Found code-base-name: https://github.com/kavia-common/meta-rdk-13862.git:kavia-master
2025-08-29 08:17:49,000 - Knowledge - INFO - Found code_base: <app.utils.kg_build.knowledge.KnowledgeCodeBase object at 0x7fb3c6594990>
2025-08-29 08:17:49,000 - Knowledge - INFO - persist ingested knowledge for /app/data/b2c/13862/b9117v4/meta-rdk-13862/recipes-extended/webkitbrowser-plugin/include/webkitbrowser_memorylimits.fhd.inc
2025-08-29 08:17:49,000 - Knowledge - INFO - worker kw21 pull /app/data/b2c/13862/b9117v4/meta-rdk-13862/recipes-benchmark/stress-ng/files/rdk_oss_uploadSTBLogs.sh from ingest queue
2025-08-29 08:17:49,000 - Knowledge - INFO - Thread kw21 - File rdk_oss_uploadSTBLogs.sh - Remaining files in queue: 9
2025-08-29 08:17:49,001 - Knowledge - INFO - start ingest for /app/data/b2c/13862/b9117v4/meta-rdk-13862/recipes-benchmark/stress-ng/files/rdk_oss_uploadSTBLogs.sh
2025-08-29 08:17:49,001 - Knowledge - INFO - Found code-base-name: https://github.com/kavia-common/meta-rdk-13862.git:kavia-master
2025-08-29 08:17:49,001 - Knowledge - INFO - Found code_base: <app.utils.kg_build.knowledge.KnowledgeCodeBase object at 0x7fb3c6594990>
2025-08-29 08:17:49,001 - Knowledge - INFO - persist ingested knowledge for /app/data/b2c/13862/b9117v4/meta-rdk-13862/conf/distro/include/rdkc.inc
2025-08-29 08:17:49,003 - Knowledge - INFO - worker kw20 pull /app/data/b2c/13862/b9117v4/meta-rdk-13862/recipes-extended/webkitbrowser-plugin/include/webkitbrowser_memorylimits.uhd.inc from ingest queue
2025-08-29 08:17:49,003 - Knowledge - INFO - Thread kw20 - File webkitbrowser_memorylimits.uhd.inc - Remaining files in queue: 8
2025-08-29 08:17:49,003 - Knowledge - INFO - start ingest for /app/data/b2c/13862/b9117v4/meta-rdk-13862/recipes-extended/webkitbrowser-plugin/include/webkitbrowser_memorylimits.uhd.inc
2025-08-29 08:17:49,016 - Knowledge - INFO - Fast-track processing for simple file: /app/data/b2c/13862/b9117v4/meta-rdk-13862/recipes-extended/webkitbrowser-plugin/include/webkitbrowser_memorylimits.uhd.inc
2025-08-29 08:17:49,016 - Knowledge - INFO - done fast ingest for /app/data/b2c/13862/b9117v4/meta-rdk-13862/recipes-extended/webkitbrowser-plugin/include/webkitbrowser_memorylimits.uhd.inc
2025-08-29 08:17:49,016 - Knowledge - INFO - process ingested knowledge for /app/data/b2c/13862/b9117v4/meta-rdk-13862/recipes-extended/webkitbrowser-plugin/include/webkitbrowser_memorylimits.uhd.inc
2025-08-29 08:17:49,233 - Knowledge - INFO - worker kw6 pull /app/data/b2c/13862/b9117v4/meta-rdk-13862/recipes-benchmark/stress-ng/files/stress-ng-tests.sh from ingest queue
2025-08-29 08:17:49,234 - Knowledge - INFO - Thread kw6 - File stress-ng-tests.sh - Remaining files in queue: 7
2025-08-29 08:17:49,234 - Knowledge - INFO - start ingest for /app/data/b2c/13862/b9117v4/meta-rdk-13862/recipes-benchmark/stress-ng/files/stress-ng-tests.sh
2025-08-29 08:17:49,531 - Knowledge - INFO - Found code-base-name: https://github.com/kavia-common/meta-rdk-13862.git:kavia-master
2025-08-29 08:17:49,531 - Knowledge - INFO - Found code_base: <app.utils.kg_build.knowledge.KnowledgeCodeBase object at 0x7fb3c6594990>
2025-08-29 08:17:49,531 - Knowledge - INFO - persist ingested knowledge for /app/data/b2c/13862/b9117v4/meta-rdk-13862/recipes-extended/webkitbrowser-plugin/include/webkitbrowser_memorylimits.uhd.inc
2025-08-29 08:17:49,542 - Knowledge - INFO - worker kw8 pull /app/data/b2c/13862/b9117v4/meta-rdk-13862/recipes-common/sys_mon_tools/sys_mon_tools.inc from ingest queue
2025-08-29 08:17:49,542 - Knowledge - INFO - Thread kw8 - File sys_mon_tools.inc - Remaining files in queue: 6
2025-08-29 08:17:49,542 - Knowledge - INFO - start ingest for /app/data/b2c/13862/b9117v4/meta-rdk-13862/recipes-common/sys_mon_tools/sys_mon_tools.inc
2025-08-29 08:17:49,545 - Knowledge - INFO - worker kw25 pull /app/data/b2c/13862/b9117v4/meta-rdk-13862/recipes-core/images/rdk-generic-media-common.inc from ingest queue
2025-08-29 08:17:49,545 - Knowledge - INFO - Thread kw25 - File rdk-generic-media-common.inc - Remaining files in queue: 5
2025-08-29 08:17:49,545 - Knowledge - INFO - start ingest for /app/data/b2c/13862/b9117v4/meta-rdk-13862/recipes-core/images/rdk-generic-media-common.inc
2025-08-29 08:17:49,556 - Knowledge - INFO - Fast-track processing for simple file: /app/data/b2c/13862/b9117v4/meta-rdk-13862/recipes-common/sys_mon_tools/sys_mon_tools.inc
2025-08-29 08:17:49,556 - Knowledge - INFO - done fast ingest for /app/data/b2c/13862/b9117v4/meta-rdk-13862/recipes-common/sys_mon_tools/sys_mon_tools.inc
2025-08-29 08:17:49,557 - Knowledge - INFO - process ingested knowledge for /app/data/b2c/13862/b9117v4/meta-rdk-13862/recipes-common/sys_mon_tools/sys_mon_tools.inc
2025-08-29 08:17:49,654 - Knowledge - INFO - done ingest for /app/data/b2c/13862/b9117v4/meta-rdk-13862/conf/distro/include/rdk_backtrace_log.inc
2025-08-29 08:17:49,655 - Knowledge - INFO - process ingested knowledge for /app/data/b2c/13862/b9117v4/meta-rdk-13862/conf/distro/include/rdk_backtrace_log.inc
2025-08-29 08:17:49,843 - Knowledge - INFO - worker kw5 pull /app/data/b2c/13862/b9117v4/meta-rdk-13862/recipes-extended/webkitbrowser-plugin/files/clearWebkitBrowserCache.sh from ingest queue
2025-08-29 08:17:49,843 - Knowledge - INFO - Thread kw5 - File clearWebkitBrowserCache.sh - Remaining files in queue: 4
2025-08-29 08:17:49,843 - Knowledge - INFO - start ingest for /app/data/b2c/13862/b9117v4/meta-rdk-13862/recipes-extended/webkitbrowser-plugin/files/clearWebkitBrowserCache.sh
2025-08-29 08:17:49,847 - Knowledge - INFO - Found code-base-name: https://github.com/kavia-common/meta-rdk-13862.git:kavia-master
2025-08-29 08:17:49,847 - Knowledge - INFO - Found code_base: <app.utils.kg_build.knowledge.KnowledgeCodeBase object at 0x7fb3c6594990>
2025-08-29 08:17:49,847 - Knowledge - INFO - persist ingested knowledge for /app/data/b2c/13862/b9117v4/meta-rdk-13862/recipes-common/sys_mon_tools/sys_mon_tools.inc
2025-08-29 08:17:49,852 - Knowledge - INFO - worker kw20 pull /app/data/b2c/13862/b9117v4/meta-rdk-13862/recipes-extended/webkitbrowser-plugin/include/webkitbrowser_memorylimits.default.inc from ingest queue
2025-08-29 08:17:49,853 - Knowledge - INFO - Thread kw20 - File webkitbrowser_memorylimits.default.inc - Remaining files in queue: 3
2025-08-29 08:17:49,853 - Knowledge - INFO - start ingest for /app/data/b2c/13862/b9117v4/meta-rdk-13862/recipes-extended/webkitbrowser-plugin/include/webkitbrowser_memorylimits.default.inc
2025-08-29 08:17:49,891 - Knowledge - INFO - Found code-base-name: https://github.com/kavia-common/meta-rdk-13862.git:kavia-master
2025-08-29 08:17:49,891 - Knowledge - INFO - Found code_base: <app.utils.kg_build.knowledge.KnowledgeCodeBase object at 0x7fb3c6594990>
2025-08-29 08:17:49,891 - Knowledge - INFO - persist ingested knowledge for /app/data/b2c/13862/b9117v4/meta-rdk-13862/conf/distro/include/rdk_backtrace_log.inc
2025-08-29 08:17:49,900 - Knowledge - INFO - Fast-track processing for simple file: /app/data/b2c/13862/b9117v4/meta-rdk-13862/recipes-extended/webkitbrowser-plugin/include/webkitbrowser_memorylimits.default.inc
2025-08-29 08:17:49,900 - Knowledge - INFO - done fast ingest for /app/data/b2c/13862/b9117v4/meta-rdk-13862/recipes-extended/webkitbrowser-plugin/include/webkitbrowser_memorylimits.default.inc
2025-08-29 08:17:49,900 - Knowledge - INFO - process ingested knowledge for /app/data/b2c/13862/b9117v4/meta-rdk-13862/recipes-extended/webkitbrowser-plugin/include/webkitbrowser_memorylimits.default.inc
2025-08-29 08:17:49,956 - Knowledge - INFO - done ingest for /app/data/b2c/13862/b9117v4/meta-rdk-13862/conf/distro/include/rdkb_backtrace_log.inc
2025-08-29 08:17:49,957 - Knowledge - INFO - process ingested knowledge for /app/data/b2c/13862/b9117v4/meta-rdk-13862/conf/distro/include/rdkb_backtrace_log.inc
2025-08-29 08:17:49,961 - Knowledge - INFO - done ingest for /app/data/b2c/13862/b9117v4/meta-rdk-13862/conf/distro/include/gstreamer-versions.inc
2025-08-29 08:17:49,961 - Knowledge - INFO - process ingested knowledge for /app/data/b2c/13862/b9117v4/meta-rdk-13862/conf/distro/include/gstreamer-versions.inc
2025-08-29 08:17:50,408 - Knowledge - INFO - done ingest for /app/data/b2c/13862/b9117v4/meta-rdk-13862/conf/distro/include/rdk-versions.inc
2025-08-29 08:17:50,409 - Knowledge - INFO - process ingested knowledge for /app/data/b2c/13862/b9117v4/meta-rdk-13862/conf/distro/include/rdk-versions.inc
2025-08-29 08:17:50,546 - Knowledge - INFO - Found code-base-name: https://github.com/kavia-common/meta-rdk-13862.git:kavia-master
2025-08-29 08:17:50,547 - Knowledge - INFO - Found code_base: <app.utils.kg_build.knowledge.KnowledgeCodeBase object at 0x7fb3c6594990>
2025-08-29 08:17:50,547 - Knowledge - INFO - persist ingested knowledge for /app/data/b2c/13862/b9117v4/meta-rdk-13862/recipes-extended/webkitbrowser-plugin/include/webkitbrowser_memorylimits.default.inc
2025-08-29 08:17:50,548 - Knowledge - INFO - Found code-base-name: https://github.com/kavia-common/meta-rdk-13862.git:kavia-master
2025-08-29 08:17:50,548 - Knowledge - INFO - Found code_base: <app.utils.kg_build.knowledge.KnowledgeCodeBase object at 0x7fb3c6594990>
2025-08-29 08:17:50,548 - Knowledge - INFO - persist ingested knowledge for /app/data/b2c/13862/b9117v4/meta-rdk-13862/conf/distro/include/rdkb_backtrace_log.inc
2025-08-29 08:17:50,548 - Knowledge - INFO - Found code-base-name: https://github.com/kavia-common/meta-rdk-13862.git:kavia-master
2025-08-29 08:17:50,548 - Knowledge - INFO - Found code_base: <app.utils.kg_build.knowledge.KnowledgeCodeBase object at 0x7fb3c6594990>
2025-08-29 08:17:50,548 - Knowledge - INFO - persist ingested knowledge for /app/data/b2c/13862/b9117v4/meta-rdk-13862/conf/distro/include/gstreamer-versions.inc
2025-08-29 08:17:50,595 - Knowledge - INFO - worker kw8 pull /app/data/b2c/13862/b9117v4/meta-rdk-13862/rename_srcrev.sh from ingest queue
2025-08-29 08:17:50,596 - Knowledge - INFO - Thread kw8 - File rename_srcrev.sh - Remaining files in queue: 2
2025-08-29 08:17:50,596 - Knowledge - INFO - start ingest for /app/data/b2c/13862/b9117v4/meta-rdk-13862/rename_srcrev.sh
2025-08-29 08:17:51,191 - Knowledge - INFO - worker kw17 pull /app/data/b2c/13862/b9117v4/meta-rdk-13862/CONTRIBUTING.md from ingest queue
2025-08-29 08:17:51,191 - Knowledge - INFO - Thread kw17 - File CONTRIBUTING.md - Remaining files in queue: 1
2025-08-29 08:17:51,192 - Knowledge - INFO - start ingest for /app/data/b2c/13862/b9117v4/meta-rdk-13862/CONTRIBUTING.md
2025-08-29 08:17:51,192 - Knowledge - INFO - Found code-base-name: https://github.com/kavia-common/meta-rdk-13862.git:kavia-master
2025-08-29 08:17:51,193 - Knowledge - INFO - Found code_base: <app.utils.kg_build.knowledge.KnowledgeCodeBase object at 0x7fb3c6594990>
2025-08-29 08:17:51,193 - Knowledge - INFO - persist ingested knowledge for /app/data/b2c/13862/b9117v4/meta-rdk-13862/conf/distro/include/rdk-versions.inc
2025-08-29 08:17:51,200 - Knowledge - INFO - worker kw20 pull /app/data/b2c/13862/b9117v4/meta-rdk-13862/recipes-core/images/rdk-esdk-override.inc from ingest queue
2025-08-29 08:17:51,200 - Knowledge - INFO - Thread kw20 - File rdk-esdk-override.inc - Remaining files in queue: 0
2025-08-29 08:17:51,200 - Knowledge - INFO - start ingest for /app/data/b2c/13862/b9117v4/meta-rdk-13862/recipes-core/images/rdk-esdk-override.inc
2025-08-29 08:17:51,223 - Knowledge - INFO - Fast-track processing for simple file: /app/data/b2c/13862/b9117v4/meta-rdk-13862/CONTRIBUTING.md
2025-08-29 08:17:51,223 - Knowledge - INFO - done fast ingest for /app/data/b2c/13862/b9117v4/meta-rdk-13862/CONTRIBUTING.md
2025-08-29 08:17:51,223 - Knowledge - INFO - process ingested knowledge for /app/data/b2c/13862/b9117v4/meta-rdk-13862/CONTRIBUTING.md
2025-08-29 08:17:51,892 - Knowledge - INFO - Found code-base-name: https://github.com/kavia-common/meta-rdk-13862.git:kavia-master
2025-08-29 08:17:51,893 - Knowledge - INFO - Found code_base: <app.utils.kg_build.knowledge.KnowledgeCodeBase object at 0x7fb3c6594990>
2025-08-29 08:17:51,893 - Knowledge - INFO - persist ingested knowledge for /app/data/b2c/13862/b9117v4/meta-rdk-13862/CONTRIBUTING.md
2025-08-29 08:17:52,613 - Knowledge - INFO - done ingest for /app/data/b2c/13862/b9117v4/meta-rdk-13862/conf/distro/include/license_flags_accepted.inc
2025-08-29 08:17:52,613 - Knowledge - INFO - process ingested knowledge for /app/data/b2c/13862/b9117v4/meta-rdk-13862/conf/distro/include/license_flags_accepted.inc
2025-08-29 08:17:52,617 - Knowledge - INFO - Found code-base-name: https://github.com/kavia-common/meta-rdk-13862.git:kavia-master
2025-08-29 08:17:52,617 - Knowledge - INFO - Found code_base: <app.utils.kg_build.knowledge.KnowledgeCodeBase object at 0x7fb3c6594990>
2025-08-29 08:17:52,617 - Knowledge - INFO - persist ingested knowledge for /app/data/b2c/13862/b9117v4/meta-rdk-13862/conf/distro/include/license_flags_accepted.inc
2025-08-29 08:17:54,954 - Knowledge - INFO - done ingest for /app/data/b2c/13862/b9117v4/meta-rdk-13862/conf/distro/include/rdkb.inc
2025-08-29 08:17:54,954 - Knowledge - INFO - process ingested knowledge for /app/data/b2c/13862/b9117v4/meta-rdk-13862/conf/distro/include/rdkb.inc
2025-08-29 08:17:54,963 - Knowledge - INFO - Found code-base-name: https://github.com/kavia-common/meta-rdk-13862.git:kavia-master
2025-08-29 08:17:54,963 - Knowledge - INFO - Found code_base: <app.utils.kg_build.knowledge.KnowledgeCodeBase object at 0x7fb3c6594990>
2025-08-29 08:17:54,963 - Knowledge - INFO - persist ingested knowledge for /app/data/b2c/13862/b9117v4/meta-rdk-13862/conf/distro/include/rdkb.inc
2025-08-29 08:17:55,751 - Knowledge - INFO - persist search terms embedding for conf/distro/include/rdkb.inc
2025-08-29 08:17:55,895 - Knowledge - INFO - done ingest for /app/data/b2c/13862/b9117v4/meta-rdk-13862/recipes-core/images/rdk-generic-media-common.inc
2025-08-29 08:17:55,896 - Knowledge - INFO - process ingested knowledge for /app/data/b2c/13862/b9117v4/meta-rdk-13862/recipes-core/images/rdk-generic-media-common.inc
2025-08-29 08:17:55,929 - Knowledge - INFO - Found code-base-name: https://github.com/kavia-common/meta-rdk-13862.git:kavia-master
2025-08-29 08:17:55,930 - Knowledge - INFO - Found code_base: <app.utils.kg_build.knowledge.KnowledgeCodeBase object at 0x7fb3c6594990>
2025-08-29 08:17:55,930 - Knowledge - INFO - persist ingested knowledge for /app/data/b2c/13862/b9117v4/meta-rdk-13862/recipes-core/images/rdk-generic-media-common.inc
2025-08-29 08:17:56,347 - Knowledge - INFO - done ingest for /app/data/b2c/13862/b9117v4/meta-rdk-13862/recipes-extended/webkitbrowser-plugin/files/clearWebkitBrowserCache.sh
2025-08-29 08:17:56,348 - Knowledge - INFO - process ingested knowledge for /app/data/b2c/13862/b9117v4/meta-rdk-13862/recipes-extended/webkitbrowser-plugin/files/clearWebkitBrowserCache.sh
2025-08-29 08:17:56,388 - Knowledge - INFO - Found code-base-name: https://github.com/kavia-common/meta-rdk-13862.git:kavia-master
2025-08-29 08:17:56,388 - Knowledge - INFO - Found code_base: <app.utils.kg_build.knowledge.KnowledgeCodeBase object at 0x7fb3c6594990>
2025-08-29 08:17:56,389 - Knowledge - INFO - persist ingested knowledge for /app/data/b2c/13862/b9117v4/meta-rdk-13862/recipes-extended/webkitbrowser-plugin/files/clearWebkitBrowserCache.sh
2025-08-29 08:18:07,801 - Knowledge - INFO - done ingest for /app/data/b2c/13862/b9117v4/meta-rdk-13862/recipes-support/network-zero-conf/files/board_access.sh
2025-08-29 08:18:07,801 - Knowledge - INFO - process ingested knowledge for /app/data/b2c/13862/b9117v4/meta-rdk-13862/recipes-support/network-zero-conf/files/board_access.sh
2025-08-29 08:18:07,821 - Knowledge - INFO - Found code-base-name: https://github.com/kavia-common/meta-rdk-13862.git:kavia-master
2025-08-29 08:18:07,821 - Knowledge - INFO - Found code_base: <app.utils.kg_build.knowledge.KnowledgeCodeBase object at 0x7fb3c6594990>
2025-08-29 08:18:07,821 - Knowledge - INFO - persist ingested knowledge for /app/data/b2c/13862/b9117v4/meta-rdk-13862/recipes-support/network-zero-conf/files/board_access.sh
2025-08-29 08:18:08,735 - Knowledge - INFO - persist search terms embedding for recipes-support/network-zero-conf/files/board_access.sh
2025-08-29 08:18:09,948 - Knowledge - INFO - done ingest for /app/data/b2c/13862/b9117v4/meta-rdk-13862/recipes-test/leakcheck-msg/files/utility.c
2025-08-29 08:18:10,019 - Knowledge - INFO - process ingested knowledge for /app/data/b2c/13862/b9117v4/meta-rdk-13862/recipes-test/leakcheck-msg/files/utility.c
2025-08-29 08:18:10,065 - Knowledge - INFO - Found code-base-name: https://github.com/kavia-common/meta-rdk-13862.git:kavia-master
2025-08-29 08:18:10,065 - Knowledge - INFO - Found code_base: <app.utils.kg_build.knowledge.KnowledgeCodeBase object at 0x7fb3c6594990>
2025-08-29 08:18:10,065 - Knowledge - INFO - persist ingested knowledge for /app/data/b2c/13862/b9117v4/meta-rdk-13862/recipes-test/leakcheck-msg/files/utility.c
2025-08-29 08:18:10,494 - Knowledge - INFO - done ingest for /app/data/b2c/13862/b9117v4/meta-rdk-13862/conf/distro/include/rdkv.inc
2025-08-29 08:18:10,494 - Knowledge - INFO - process ingested knowledge for /app/data/b2c/13862/b9117v4/meta-rdk-13862/conf/distro/include/rdkv.inc
2025-08-29 08:18:10,901 - Knowledge - INFO - persist search terms embedding for recipes-test/leakcheck-msg/files/utility.c
2025-08-29 08:18:10,927 - Knowledge - INFO - Found code-base-name: https://github.com/kavia-common/meta-rdk-13862.git:kavia-master
2025-08-29 08:18:10,927 - Knowledge - INFO - Found code_base: <app.utils.kg_build.knowledge.KnowledgeCodeBase object at 0x7fb3c6594990>
2025-08-29 08:18:10,927 - Knowledge - INFO - persist ingested knowledge for /app/data/b2c/13862/b9117v4/meta-rdk-13862/conf/distro/include/rdkv.inc
2025-08-29 08:18:11,779 - Knowledge - INFO - persist search terms embedding for conf/distro/include/rdkv.inc
2025-08-29 08:18:14,049 - Knowledge - INFO - done ingest for /app/data/b2c/13862/b9117v4/meta-rdk-13862/recipes-common/gtest-apps/gtest-apps/gtest_apps_download.sh
2025-08-29 08:18:14,050 - Knowledge - INFO - process ingested knowledge for /app/data/b2c/13862/b9117v4/meta-rdk-13862/recipes-common/gtest-apps/gtest-apps/gtest_apps_download.sh
2025-08-29 08:18:14,094 - Knowledge - INFO - Found code-base-name: https://github.com/kavia-common/meta-rdk-13862.git:kavia-master
2025-08-29 08:18:14,094 - Knowledge - INFO - Found code_base: <app.utils.kg_build.knowledge.KnowledgeCodeBase object at 0x7fb3c6594990>
2025-08-29 08:18:14,094 - Knowledge - INFO - persist ingested knowledge for /app/data/b2c/13862/b9117v4/meta-rdk-13862/recipes-common/gtest-apps/gtest-apps/gtest_apps_download.sh
2025-08-29 08:18:14,796 - Knowledge - INFO - persist search terms embedding for recipes-common/gtest-apps/gtest-apps/gtest_apps_download.sh
2025-08-29 08:18:15,357 - Knowledge - INFO - done ingest for /app/data/b2c/13862/b9117v4/meta-rdk-13862/recipes-core/images/sdk-common.inc
2025-08-29 08:18:15,357 - Knowledge - INFO - process ingested knowledge for /app/data/b2c/13862/b9117v4/meta-rdk-13862/recipes-core/images/sdk-common.inc
2025-08-29 08:18:15,428 - Knowledge - INFO - Found code-base-name: https://github.com/kavia-common/meta-rdk-13862.git:kavia-master
2025-08-29 08:18:15,428 - Knowledge - INFO - Found code_base: <app.utils.kg_build.knowledge.KnowledgeCodeBase object at 0x7fb3c6594990>
2025-08-29 08:18:15,428 - Knowledge - INFO - persist ingested knowledge for /app/data/b2c/13862/b9117v4/meta-rdk-13862/recipes-core/images/sdk-common.inc
2025-08-29 08:18:15,904 - Knowledge - INFO - done ingest for /app/data/b2c/13862/b9117v4/meta-rdk-13862/recipes-benchmark/stress-ng/files/openssl-ptest-perf_stats.sh
2025-08-29 08:18:15,906 - Knowledge - INFO - process ingested knowledge for /app/data/b2c/13862/b9117v4/meta-rdk-13862/recipes-benchmark/stress-ng/files/openssl-ptest-perf_stats.sh
2025-08-29 08:18:16,143 - Knowledge - INFO - persist search terms embedding for recipes-core/images/sdk-common.inc
2025-08-29 08:18:16,252 - Knowledge - INFO - Found code-base-name: https://github.com/kavia-common/meta-rdk-13862.git:kavia-master
2025-08-29 08:18:16,252 - Knowledge - INFO - Found code_base: <app.utils.kg_build.knowledge.KnowledgeCodeBase object at 0x7fb3c6594990>
2025-08-29 08:18:16,252 - Knowledge - INFO - persist ingested knowledge for /app/data/b2c/13862/b9117v4/meta-rdk-13862/recipes-benchmark/stress-ng/files/openssl-ptest-perf_stats.sh
2025-08-29 08:18:16,444 - Knowledge - INFO - done ingest for /app/data/b2c/13862/b9117v4/meta-rdk-13862/recipes-test/leakcheck-msg/files/msgq_receive.c
2025-08-29 08:18:16,518 - Knowledge - INFO - process ingested knowledge for /app/data/b2c/13862/b9117v4/meta-rdk-13862/recipes-test/leakcheck-msg/files/msgq_receive.c
2025-08-29 08:18:17,040 - Knowledge - INFO - persist search terms embedding for recipes-benchmark/stress-ng/files/openssl-ptest-perf_stats.sh
2025-08-29 08:18:17,126 - Knowledge - INFO - Found code-base-name: https://github.com/kavia-common/meta-rdk-13862.git:kavia-master
2025-08-29 08:18:17,126 - Knowledge - INFO - Found code_base: <app.utils.kg_build.knowledge.KnowledgeCodeBase object at 0x7fb3c6594990>
2025-08-29 08:18:17,126 - Knowledge - INFO - persist ingested knowledge for /app/data/b2c/13862/b9117v4/meta-rdk-13862/recipes-test/leakcheck-msg/files/msgq_receive.c
2025-08-29 08:18:18,093 - Knowledge - INFO - persist search terms embedding for recipes-test/leakcheck-msg/files/msgq_receive.c
2025-08-29 08:18:20,306 - Knowledge - INFO - done ingest for /app/data/b2c/13862/b9117v4/meta-rdk-13862/recipes-benchmark/stress-ng/files/rdk_oss_uploadSTBLogs.sh
2025-08-29 08:18:20,307 - Knowledge - INFO - process ingested knowledge for /app/data/b2c/13862/b9117v4/meta-rdk-13862/recipes-benchmark/stress-ng/files/rdk_oss_uploadSTBLogs.sh
2025-08-29 08:18:20,321 - Knowledge - INFO - Found code-base-name: https://github.com/kavia-common/meta-rdk-13862.git:kavia-master
2025-08-29 08:18:20,321 - Knowledge - INFO - Found code_base: <app.utils.kg_build.knowledge.KnowledgeCodeBase object at 0x7fb3c6594990>
2025-08-29 08:18:20,321 - Knowledge - INFO - persist ingested knowledge for /app/data/b2c/13862/b9117v4/meta-rdk-13862/recipes-benchmark/stress-ng/files/rdk_oss_uploadSTBLogs.sh
2025-08-29 08:18:20,988 - Knowledge - INFO - persist search terms embedding for recipes-benchmark/stress-ng/files/rdk_oss_uploadSTBLogs.sh
2025-08-29 08:18:22,296 - Knowledge - INFO - done ingest for /app/data/b2c/13862/b9117v4/meta-rdk-13862/recipes-common/debug-tools/files/debug-tools_download.sh
2025-08-29 08:18:22,296 - Knowledge - INFO - process ingested knowledge for /app/data/b2c/13862/b9117v4/meta-rdk-13862/recipes-common/debug-tools/files/debug-tools_download.sh
2025-08-29 08:18:22,317 - Knowledge - INFO - Found code-base-name: https://github.com/kavia-common/meta-rdk-13862.git:kavia-master
2025-08-29 08:18:22,317 - Knowledge - INFO - Found code_base: <app.utils.kg_build.knowledge.KnowledgeCodeBase object at 0x7fb3c6594990>
2025-08-29 08:18:22,318 - Knowledge - INFO - persist ingested knowledge for /app/data/b2c/13862/b9117v4/meta-rdk-13862/recipes-common/debug-tools/files/debug-tools_download.sh
2025-08-29 08:18:22,713 - Knowledge - INFO - done ingest for /app/data/b2c/13862/b9117v4/meta-rdk-13862/recipes-core/images/rdk-esdk-override.inc
2025-08-29 08:18:22,713 - Knowledge - INFO - process ingested knowledge for /app/data/b2c/13862/b9117v4/meta-rdk-13862/recipes-core/images/rdk-esdk-override.inc
2025-08-29 08:18:23,042 - Knowledge - INFO - persist search terms embedding for recipes-common/debug-tools/files/debug-tools_download.sh
2025-08-29 08:18:23,154 - Knowledge - INFO - Found code-base-name: https://github.com/kavia-common/meta-rdk-13862.git:kavia-master
2025-08-29 08:18:23,154 - Knowledge - INFO - Found code_base: <app.utils.kg_build.knowledge.KnowledgeCodeBase object at 0x7fb3c6594990>
2025-08-29 08:18:23,154 - Knowledge - INFO - persist ingested knowledge for /app/data/b2c/13862/b9117v4/meta-rdk-13862/recipes-core/images/rdk-esdk-override.inc
2025-08-29 08:18:23,636 - Knowledge - INFO - done ingest for /app/data/b2c/13862/b9117v4/meta-rdk-13862/recipes-common/safec-common-wrapper/files/safec_lib.h
2025-08-29 08:18:23,713 - Knowledge - INFO - process ingested knowledge for /app/data/b2c/13862/b9117v4/meta-rdk-13862/recipes-common/safec-common-wrapper/files/safec_lib.h
2025-08-29 08:18:23,988 - Knowledge - INFO - persist search terms embedding for recipes-core/images/rdk-esdk-override.inc
2025-08-29 08:18:24,021 - Knowledge - INFO - Found code-base-name: https://github.com/kavia-common/meta-rdk-13862.git:kavia-master
2025-08-29 08:18:24,022 - Knowledge - INFO - Found code_base: <app.utils.kg_build.knowledge.KnowledgeCodeBase object at 0x7fb3c6594990>
2025-08-29 08:18:24,022 - Knowledge - INFO - persist ingested knowledge for /app/data/b2c/13862/b9117v4/meta-rdk-13862/recipes-common/safec-common-wrapper/files/safec_lib.h
2025-08-29 08:18:24,600 - Knowledge - INFO - done ingest for /app/data/b2c/13862/b9117v4/meta-rdk-13862/recipes-benchmark/stress-ng/files/capture-proc-metrics.sh
2025-08-29 08:18:24,600 - Knowledge - INFO - process ingested knowledge for /app/data/b2c/13862/b9117v4/meta-rdk-13862/recipes-benchmark/stress-ng/files/capture-proc-metrics.sh
2025-08-29 08:18:25,292 - Knowledge - INFO - persist search terms embedding for recipes-common/safec-common-wrapper/files/safec_lib.h
2025-08-29 08:18:25,419 - Knowledge - INFO - Found code-base-name: https://github.com/kavia-common/meta-rdk-13862.git:kavia-master
2025-08-29 08:18:25,419 - Knowledge - INFO - Found code_base: <app.utils.kg_build.knowledge.KnowledgeCodeBase object at 0x7fb3c6594990>
2025-08-29 08:18:25,419 - Knowledge - INFO - persist ingested knowledge for /app/data/b2c/13862/b9117v4/meta-rdk-13862/recipes-benchmark/stress-ng/files/capture-proc-metrics.sh
2025-08-29 08:18:26,158 - Knowledge - INFO - persist search terms embedding for recipes-benchmark/stress-ng/files/capture-proc-metrics.sh
2025-08-29 08:18:28,002 - Knowledge - INFO - done ingest for /app/data/b2c/13862/b9117v4/meta-rdk-13862/recipes-extended/webkitbrowser-plugin/include/webkitbrowser_properties.inc
2025-08-29 08:18:28,002 - Knowledge - INFO - process ingested knowledge for /app/data/b2c/13862/b9117v4/meta-rdk-13862/recipes-extended/webkitbrowser-plugin/include/webkitbrowser_properties.inc
2025-08-29 08:18:28,048 - Knowledge - INFO - Found code-base-name: https://github.com/kavia-common/meta-rdk-13862.git:kavia-master
2025-08-29 08:18:28,048 - Knowledge - INFO - Found code_base: <app.utils.kg_build.knowledge.KnowledgeCodeBase object at 0x7fb3c6594990>
2025-08-29 08:18:28,048 - Knowledge - INFO - persist ingested knowledge for /app/data/b2c/13862/b9117v4/meta-rdk-13862/recipes-extended/webkitbrowser-plugin/include/webkitbrowser_properties.inc
2025-08-29 08:18:28,950 - Knowledge - INFO - persist search terms embedding for recipes-extended/webkitbrowser-plugin/include/webkitbrowser_properties.inc
2025-08-29 08:18:38,926 - Knowledge - INFO - done ingest for /app/data/b2c/13862/b9117v4/meta-rdk-13862/recipes-benchmark/stress-ng/files/stress-ng-tests.sh
2025-08-29 08:18:38,926 - Knowledge - INFO - process ingested knowledge for /app/data/b2c/13862/b9117v4/meta-rdk-13862/recipes-benchmark/stress-ng/files/stress-ng-tests.sh
2025-08-29 08:18:39,027 - Knowledge - INFO - Found code-base-name: https://github.com/kavia-common/meta-rdk-13862.git:kavia-master
2025-08-29 08:18:39,027 - Knowledge - INFO - Found code_base: <app.utils.kg_build.knowledge.KnowledgeCodeBase object at 0x7fb3c6594990>
2025-08-29 08:18:39,027 - Knowledge - INFO - persist ingested knowledge for /app/data/b2c/13862/b9117v4/meta-rdk-13862/recipes-benchmark/stress-ng/files/stress-ng-tests.sh
2025-08-29 08:18:39,942 - Knowledge - INFO - persist search terms embedding for recipes-benchmark/stress-ng/files/stress-ng-tests.sh
2025-08-29 08:18:39,961 - Knowledge - INFO - done ingest for /app/data/b2c/13862/b9117v4/meta-rdk-13862/recipes-benchmark/stress-ng/files/openssl-ptest-stress.sh
2025-08-29 08:18:39,961 - Knowledge - INFO - process ingested knowledge for /app/data/b2c/13862/b9117v4/meta-rdk-13862/recipes-benchmark/stress-ng/files/openssl-ptest-stress.sh
2025-08-29 08:18:40,095 - Knowledge - INFO - Found code-base-name: https://github.com/kavia-common/meta-rdk-13862.git:kavia-master
2025-08-29 08:18:40,095 - Knowledge - INFO - Found code_base: <app.utils.kg_build.knowledge.KnowledgeCodeBase object at 0x7fb3c6594990>
2025-08-29 08:18:40,095 - Knowledge - INFO - persist ingested knowledge for /app/data/b2c/13862/b9117v4/meta-rdk-13862/recipes-benchmark/stress-ng/files/openssl-ptest-stress.sh
2025-08-29 08:18:40,696 - Knowledge - INFO - done ingest for /app/data/b2c/13862/b9117v4/meta-rdk-13862/conf/distro/include/rdk_security_flags.inc
2025-08-29 08:18:40,696 - Knowledge - INFO - process ingested knowledge for /app/data/b2c/13862/b9117v4/meta-rdk-13862/conf/distro/include/rdk_security_flags.inc
2025-08-29 08:18:41,828 - Knowledge - INFO - persist search terms embedding for recipes-benchmark/stress-ng/files/openssl-ptest-stress.sh
2025-08-29 08:18:41,893 - Knowledge - INFO - Found code-base-name: https://github.com/kavia-common/meta-rdk-13862.git:kavia-master
2025-08-29 08:18:41,893 - Knowledge - INFO - Found code_base: <app.utils.kg_build.knowledge.KnowledgeCodeBase object at 0x7fb3c6594990>
2025-08-29 08:18:41,893 - Knowledge - INFO - persist ingested knowledge for /app/data/b2c/13862/b9117v4/meta-rdk-13862/conf/distro/include/rdk_security_flags.inc
2025-08-29 08:18:43,014 - Knowledge - INFO - persist search terms embedding for conf/distro/include/rdk_security_flags.inc
2025-08-29 08:19:12,709 - Knowledge - ERROR - _service_ingest_queue had exception  for file /app/data/b2c/13862/b9117v4/meta-rdk-13862/rename_srcrev.sh
Traceback (most recent call last):
  File "/usr/local/lib/python3.11/asyncio/tasks.py", line 500, in wait_for
    return fut.result()
           ^^^^^^^^^^^^
  File "/app/app/utils/kg_build/knowledge.py", line 1723, in _ingest_file
    response = await llm.llm_interaction_wrapper(
               ^^^^^^^^^^^^^^^^^^^^^^^^^^^^^^^^^^
  File "/usr/local/lib/python3.11/site-packages/llm_wrapper/core/llm_interface.py", line 341, in llm_interaction_wrapper
    completion = await invoke_llm()
                 ^^^^^^^^^^^^^^^^^^
  File "/usr/local/lib/python3.11/site-packages/llm_wrapper/core/llm_interface.py", line 287, in invoke_llm
    return await loop.run_in_executor(None, blocking_call_wrapper)
           ^^^^^^^^^^^^^^^^^^^^^^^^^^^^^^^^^^^^^^^^^^^^^^^^^^^^^^^
asyncio.exceptions.CancelledError

The above exception was the direct cause of the following exception:

Traceback (most recent call last):
  File "/app/app/utils/kg_build/knowledge.py", line 324, in _service_ingest_queue
    file_info = self.loop_worker.run_until_complete(asyncio.wait_for( knowledge._ingest_file(filename, self.mongo_handler), knowledge.timeout))
                ^^^^^^^^^^^^^^^^^^^^^^^^^^^^^^^^^^^^^^^^^^^^^^^^^^^^^^^^^^^^^^^^^^^^^^^^^^^^^^^^^^^^^^^^^^^^^^^^^^^^^^^^^^^^^^^^^^^^^^^^^^^^^^^
  File "/usr/local/lib/python3.11/asyncio/base_events.py", line 654, in run_until_complete
    return future.result()
           ^^^^^^^^^^^^^^^
  File "/usr/local/lib/python3.11/asyncio/tasks.py", line 502, in wait_for
    raise exceptions.TimeoutError() from exc
TimeoutError
2025-08-29 08:19:12,719 - Knowledge - INFO - process ingested knowledge for /app/data/b2c/13862/b9117v4/meta-rdk-13862/rename_srcrev.sh
2025-08-29 08:19:12,725 - Knowledge - INFO - Found code-base-name: https://github.com/kavia-common/meta-rdk-13862.git:kavia-master
2025-08-29 08:19:12,725 - Knowledge - INFO - Found code_base: <app.utils.kg_build.knowledge.KnowledgeCodeBase object at 0x7fb3c6594990>
2025-08-29 08:19:12,725 - Knowledge - INFO - persist ingested knowledge for /app/data/b2c/13862/b9117v4/meta-rdk-13862/rename_srcrev.sh
2025-08-29 08:19:12,797 - Knowledge - INFO - Knowledge creation complete
2025-08-29 08:19:12,799 - Knowledge - INFO - Updating org costs, total cost: 0.0195486
2025-08-29 08:19:13,060 - Knowledge - INFO - Saving knowledge to Redis...
2025-08-29 08:19:13,084 - Knowledge - INFO - Knowledge saved to Redis successfully
2025-08-29 08:58:44,036 - Knowledge - INFO - Redis support added with prefix knowledge:b9117v4:
2025-08-29 08:58:45,353 - Knowledge - INFO - load persisted knowledge: begin
2025-08-29 08:58:46,538 - Knowledge - INFO - Persisted knowledge files in /app/data/b2c/13862/b9117v4/meta-rdk-13862/.knowledge have been renamed to use .json
2025-08-29 08:58:46,551 - Knowledge - INFO - Found code-base-name: https://github.com/kavia-common/meta-rdk-13862.git:kavia-master
2025-08-29 08:58:46,552 - Knowledge - INFO - Found code_base: <app.utils.kg_build.knowledge.KnowledgeCodeBase object at 0x7fe9b031a590>
2025-08-29 08:58:46,552 - Knowledge - INFO - process ingested knowledge for /app/data/b2c/13862/b9117v4/meta-rdk-13862/conf/distro/include/rdkc.inc
2025-08-29 08:58:46,571 - Knowledge - INFO - Found code-base-name: https://github.com/kavia-common/meta-rdk-13862.git:kavia-master
2025-08-29 08:58:46,571 - Knowledge - INFO - Found code_base: <app.utils.kg_build.knowledge.KnowledgeCodeBase object at 0x7fe9b031a590>
2025-08-29 08:58:46,571 - Knowledge - INFO - process ingested knowledge for /app/data/b2c/13862/b9117v4/meta-rdk-13862/conf/distro/include/rdk_security_flags.inc
2025-08-29 08:58:46,588 - Knowledge - INFO - Found code-base-name: https://github.com/kavia-common/meta-rdk-13862.git:kavia-master
2025-08-29 08:58:46,588 - Knowledge - INFO - Found code_base: <app.utils.kg_build.knowledge.KnowledgeCodeBase object at 0x7fe9b031a590>
2025-08-29 08:58:46,588 - Knowledge - INFO - process ingested knowledge for /app/data/b2c/13862/b9117v4/meta-rdk-13862/recipes-benchmark/stress-ng/files/stress-ng-tests.sh
2025-08-29 08:58:46,606 - Knowledge - INFO - Found code-base-name: https://github.com/kavia-common/meta-rdk-13862.git:kavia-master
2025-08-29 08:58:46,606 - Knowledge - INFO - Found code_base: <app.utils.kg_build.knowledge.KnowledgeCodeBase object at 0x7fe9b031a590>
2025-08-29 08:58:46,606 - Knowledge - INFO - process ingested knowledge for /app/data/b2c/13862/b9117v4/meta-rdk-13862/recipes-common/gtest-apps/gtest-apps/gtest_apps_download.sh
2025-08-29 08:58:46,627 - Knowledge - INFO - Found code-base-name: https://github.com/kavia-common/meta-rdk-13862.git:kavia-master
2025-08-29 08:58:46,627 - Knowledge - INFO - Found code_base: <app.utils.kg_build.knowledge.KnowledgeCodeBase object at 0x7fe9b031a590>
2025-08-29 08:58:46,627 - Knowledge - INFO - process ingested knowledge for /app/data/b2c/13862/b9117v4/meta-rdk-13862/conf/distro/include/qt5-versions.inc
2025-08-29 08:58:46,638 - Knowledge - INFO - Found code-base-name: https://github.com/kavia-common/meta-rdk-13862.git:kavia-master
2025-08-29 08:58:46,639 - Knowledge - INFO - Found code_base: <app.utils.kg_build.knowledge.KnowledgeCodeBase object at 0x7fe9b031a590>
2025-08-29 08:58:46,639 - Knowledge - INFO - process ingested knowledge for /app/data/b2c/13862/b9117v4/meta-rdk-13862/recipes-containers/dobby/dobby.inc
2025-08-29 08:58:46,660 - Knowledge - INFO - Found code-base-name: https://github.com/kavia-common/meta-rdk-13862.git:kavia-master
2025-08-29 08:58:46,660 - Knowledge - INFO - Found code_base: <app.utils.kg_build.knowledge.KnowledgeCodeBase object at 0x7fe9b031a590>
2025-08-29 08:58:46,660 - Knowledge - INFO - process ingested knowledge for /app/data/b2c/13862/b9117v4/meta-rdk-13862/conf/distro/include/gstreamer-versions.inc
2025-08-29 08:58:46,678 - Knowledge - INFO - Found code-base-name: https://github.com/kavia-common/meta-rdk-13862.git:kavia-master
2025-08-29 08:58:46,678 - Knowledge - INFO - Found code_base: <app.utils.kg_build.knowledge.KnowledgeCodeBase object at 0x7fe9b031a590>
2025-08-29 08:58:46,678 - Knowledge - INFO - process ingested knowledge for /app/data/b2c/13862/b9117v4/meta-rdk-13862/conf/distro/include/libsoup2.inc
2025-08-29 08:58:46,694 - Knowledge - INFO - Found code-base-name: https://github.com/kavia-common/meta-rdk-13862.git:kavia-master
2025-08-29 08:58:46,694 - Knowledge - INFO - Found code_base: <app.utils.kg_build.knowledge.KnowledgeCodeBase object at 0x7fe9b031a590>
2025-08-29 08:58:46,694 - Knowledge - INFO - process ingested knowledge for /app/data/b2c/13862/b9117v4/meta-rdk-13862/recipes-benchmark/stress-ng/files/openssl-ptest-stress.sh
2025-08-29 08:58:46,720 - Knowledge - INFO - Found code-base-name: https://github.com/kavia-common/meta-rdk-13862.git:kavia-master
2025-08-29 08:58:46,720 - Knowledge - INFO - Found code_base: <app.utils.kg_build.knowledge.KnowledgeCodeBase object at 0x7fe9b031a590>
2025-08-29 08:58:46,720 - Knowledge - INFO - process ingested knowledge for /app/data/b2c/13862/b9117v4/meta-rdk-13862/conf/distro/include/rdk-esdk-conf.inc
2025-08-29 08:58:46,735 - Knowledge - INFO - Found code-base-name: https://github.com/kavia-common/meta-rdk-13862.git:kavia-master
2025-08-29 08:58:46,735 - Knowledge - INFO - Found code_base: <app.utils.kg_build.knowledge.KnowledgeCodeBase object at 0x7fe9b031a590>
2025-08-29 08:58:46,736 - Knowledge - INFO - process ingested knowledge for /app/data/b2c/13862/b9117v4/meta-rdk-13862/recipes-extended/webkitbrowser-plugin/include/webkitbrowser_memorylimits.fhd.inc
2025-08-29 08:58:46,758 - Knowledge - INFO - Found code-base-name: https://github.com/kavia-common/meta-rdk-13862.git:kavia-master
2025-08-29 08:58:46,759 - Knowledge - INFO - Found code_base: <app.utils.kg_build.knowledge.KnowledgeCodeBase object at 0x7fe9b031a590>
2025-08-29 08:58:46,760 - Knowledge - INFO - process ingested knowledge for /app/data/b2c/13862/b9117v4/meta-rdk-13862/recipes-test/leakcheck-msg/files/utility.c
2025-08-29 08:58:46,776 - Knowledge - INFO - Found code-base-name: https://github.com/kavia-common/meta-rdk-13862.git:kavia-master
2025-08-29 08:58:46,777 - Knowledge - INFO - Found code_base: <app.utils.kg_build.knowledge.KnowledgeCodeBase object at 0x7fe9b031a590>
2025-08-29 08:58:46,777 - Knowledge - INFO - process ingested knowledge for /app/data/b2c/13862/b9117v4/meta-rdk-13862/conf/distro/include/rdkvemu.inc
2025-08-29 08:58:46,790 - Knowledge - INFO - Found code-base-name: https://github.com/kavia-common/meta-rdk-13862.git:kavia-master
2025-08-29 08:58:46,790 - Knowledge - INFO - Found code_base: <app.utils.kg_build.knowledge.KnowledgeCodeBase object at 0x7fe9b031a590>
2025-08-29 08:58:46,790 - Knowledge - INFO - process ingested knowledge for /app/data/b2c/13862/b9117v4/meta-rdk-13862/recipes-test/leakcheck-msg/files/msgq_receive.c
2025-08-29 08:58:46,818 - Knowledge - INFO - Found code-base-name: https://github.com/kavia-common/meta-rdk-13862.git:kavia-master
2025-08-29 08:58:46,818 - Knowledge - INFO - Found code_base: <app.utils.kg_build.knowledge.KnowledgeCodeBase object at 0x7fe9b031a590>
2025-08-29 08:58:46,819 - Knowledge - INFO - process ingested knowledge for /app/data/b2c/13862/b9117v4/meta-rdk-13862/conf/distro/include/rdk-external-src.inc
2025-08-29 08:58:46,846 - Knowledge - INFO - Found code-base-name: https://github.com/kavia-common/meta-rdk-13862.git:kavia-master
2025-08-29 08:58:46,846 - Knowledge - INFO - Found code_base: <app.utils.kg_build.knowledge.KnowledgeCodeBase object at 0x7fe9b031a590>
2025-08-29 08:58:46,847 - Knowledge - INFO - process ingested knowledge for /app/data/b2c/13862/b9117v4/meta-rdk-13862/conf/distro/include/rdk_multilib.inc
2025-08-29 08:58:46,858 - Knowledge - INFO - Found code-base-name: https://github.com/kavia-common/meta-rdk-13862.git:kavia-master
2025-08-29 08:58:46,858 - Knowledge - INFO - Found code_base: <app.utils.kg_build.knowledge.KnowledgeCodeBase object at 0x7fe9b031a590>
2025-08-29 08:58:46,859 - Knowledge - INFO - process ingested knowledge for /app/data/b2c/13862/b9117v4/meta-rdk-13862/recipes-extended/webkitbrowser-plugin/include/webkitbrowser_properties.inc
2025-08-29 08:58:46,872 - Knowledge - INFO - Found code-base-name: https://github.com/kavia-common/meta-rdk-13862.git:kavia-master
2025-08-29 08:58:46,872 - Knowledge - INFO - Found code_base: <app.utils.kg_build.knowledge.KnowledgeCodeBase object at 0x7fe9b031a590>
2025-08-29 08:58:46,873 - Knowledge - INFO - process ingested knowledge for /app/data/b2c/13862/b9117v4/meta-rdk-13862/recipes-support/network-zero-conf/files/board_access.sh
2025-08-29 08:58:46,887 - Knowledge - INFO - Found code-base-name: https://github.com/kavia-common/meta-rdk-13862.git:kavia-master
2025-08-29 08:58:46,888 - Knowledge - INFO - Found code_base: <app.utils.kg_build.knowledge.KnowledgeCodeBase object at 0x7fe9b031a590>
2025-08-29 08:58:46,888 - Knowledge - INFO - process ingested knowledge for /app/data/b2c/13862/b9117v4/meta-rdk-13862/recipes-test/hello/files/hello.c
2025-08-29 08:58:46,903 - Knowledge - INFO - Found code-base-name: https://github.com/kavia-common/meta-rdk-13862.git:kavia-master
2025-08-29 08:58:46,903 - Knowledge - INFO - Found code_base: <app.utils.kg_build.knowledge.KnowledgeCodeBase object at 0x7fe9b031a590>
2025-08-29 08:58:46,903 - Knowledge - INFO - process ingested knowledge for /app/data/b2c/13862/b9117v4/meta-rdk-13862/recipes-benchmark/stress-ng/files/rdk_oss_uploadSTBLogs.sh
2025-08-29 08:58:46,917 - Knowledge - INFO - Found code-base-name: https://github.com/kavia-common/meta-rdk-13862.git:kavia-master
2025-08-29 08:58:46,918 - Knowledge - INFO - Found code_base: <app.utils.kg_build.knowledge.KnowledgeCodeBase object at 0x7fe9b031a590>
2025-08-29 08:58:46,918 - Knowledge - INFO - process ingested knowledge for /app/data/b2c/13862/b9117v4/meta-rdk-13862/recipes-test/hello/files/run-hello-app.sh
2025-08-29 08:58:46,931 - Knowledge - INFO - Found code-base-name: https://github.com/kavia-common/meta-rdk-13862.git:kavia-master
2025-08-29 08:58:46,931 - Knowledge - INFO - Found code_base: <app.utils.kg_build.knowledge.KnowledgeCodeBase object at 0x7fe9b031a590>
2025-08-29 08:58:46,931 - Knowledge - INFO - process ingested knowledge for /app/data/b2c/13862/b9117v4/meta-rdk-13862/recipes-common/safec-common-wrapper/files/safec_lib.h
2025-08-29 08:58:46,946 - Knowledge - INFO - Found code-base-name: https://github.com/kavia-common/meta-rdk-13862.git:kavia-master
2025-08-29 08:58:46,946 - Knowledge - INFO - Found code_base: <app.utils.kg_build.knowledge.KnowledgeCodeBase object at 0x7fe9b031a590>
2025-08-29 08:58:46,946 - Knowledge - INFO - process ingested knowledge for /app/data/b2c/13862/b9117v4/meta-rdk-13862/recipes-core/images/sdk-common.inc
2025-08-29 08:58:46,970 - Knowledge - INFO - Found code-base-name: https://github.com/kavia-common/meta-rdk-13862.git:kavia-master
2025-08-29 08:58:46,971 - Knowledge - INFO - Found code_base: <app.utils.kg_build.knowledge.KnowledgeCodeBase object at 0x7fe9b031a590>
2025-08-29 08:58:46,971 - Knowledge - INFO - process ingested knowledge for /app/data/b2c/13862/b9117v4/meta-rdk-13862/rename_srcrev.sh
2025-08-29 08:58:46,983 - Knowledge - INFO - Found code-base-name: https://github.com/kavia-common/meta-rdk-13862.git:kavia-master
2025-08-29 08:58:46,984 - Knowledge - INFO - Found code_base: <app.utils.kg_build.knowledge.KnowledgeCodeBase object at 0x7fe9b031a590>
2025-08-29 08:58:46,984 - Knowledge - INFO - process ingested knowledge for /app/data/b2c/13862/b9117v4/meta-rdk-13862/conf/distro/include/libsoup3.inc
2025-08-29 08:58:47,002 - Knowledge - INFO - Found code-base-name: https://github.com/kavia-common/meta-rdk-13862.git:kavia-master
2025-08-29 08:58:47,003 - Knowledge - INFO - Found code_base: <app.utils.kg_build.knowledge.KnowledgeCodeBase object at 0x7fe9b031a590>
2025-08-29 08:58:47,003 - Knowledge - INFO - process ingested knowledge for /app/data/b2c/13862/b9117v4/meta-rdk-13862/conf/distro/include/rdk_backtrace_log.inc
2025-08-29 08:58:47,031 - Knowledge - INFO - Found code-base-name: https://github.com/kavia-common/meta-rdk-13862.git:kavia-master
2025-08-29 08:58:47,032 - Knowledge - INFO - Found code_base: <app.utils.kg_build.knowledge.KnowledgeCodeBase object at 0x7fe9b031a590>
2025-08-29 08:58:47,032 - Knowledge - INFO - process ingested knowledge for /app/data/b2c/13862/b9117v4/meta-rdk-13862/recipes-extended/webkitbrowser-plugin/include/webkitbrowser_memorylimits.2gb.inc
2025-08-29 08:58:47,055 - Knowledge - INFO - Found code-base-name: https://github.com/kavia-common/meta-rdk-13862.git:kavia-master
2025-08-29 08:58:47,055 - Knowledge - INFO - Found code_base: <app.utils.kg_build.knowledge.KnowledgeCodeBase object at 0x7fe9b031a590>
2025-08-29 08:58:47,055 - Knowledge - INFO - process ingested knowledge for /app/data/b2c/13862/b9117v4/meta-rdk-13862/recipes-support/network-zero-conf/files/default-time-setter.sh
2025-08-29 08:58:47,074 - Knowledge - INFO - Found code-base-name: https://github.com/kavia-common/meta-rdk-13862.git:kavia-master
2025-08-29 08:58:47,074 - Knowledge - INFO - Found code_base: <app.utils.kg_build.knowledge.KnowledgeCodeBase object at 0x7fe9b031a590>
2025-08-29 08:58:47,075 - Knowledge - INFO - process ingested knowledge for /app/data/b2c/13862/b9117v4/meta-rdk-13862/conf/include/basehash_ignore_vars.inc
2025-08-29 08:58:47,111 - Knowledge - INFO - Found code-base-name: https://github.com/kavia-common/meta-rdk-13862.git:kavia-master
2025-08-29 08:58:47,111 - Knowledge - INFO - Found code_base: <app.utils.kg_build.knowledge.KnowledgeCodeBase object at 0x7fe9b031a590>
2025-08-29 08:58:47,149 - Knowledge - INFO - process ingested knowledge for /app/data/b2c/13862/b9117v4/meta-rdk-13862/recipes-extended/webkitbrowser-plugin/files/clearWebkitBrowserCache.sh
2025-08-29 08:58:47,192 - Knowledge - INFO - Found code-base-name: https://github.com/kavia-common/meta-rdk-13862.git:kavia-master
2025-08-29 08:58:47,192 - Knowledge - INFO - Found code_base: <app.utils.kg_build.knowledge.KnowledgeCodeBase object at 0x7fe9b031a590>
2025-08-29 08:58:47,199 - Knowledge - INFO - process ingested knowledge for /app/data/b2c/13862/b9117v4/meta-rdk-13862/conf/distro/include/rdkx.inc
2025-08-29 08:58:47,266 - Knowledge - INFO - Found code-base-name: https://github.com/kavia-common/meta-rdk-13862.git:kavia-master
2025-08-29 08:58:47,267 - Knowledge - INFO - Found code_base: <app.utils.kg_build.knowledge.KnowledgeCodeBase object at 0x7fe9b031a590>
2025-08-29 08:58:47,279 - Knowledge - INFO - process ingested knowledge for /app/data/b2c/13862/b9117v4/meta-rdk-13862/conf/distro/include/rdk_lto.inc
2025-08-29 08:58:47,310 - Knowledge - INFO - Found code-base-name: https://github.com/kavia-common/meta-rdk-13862.git:kavia-master
2025-08-29 08:58:47,310 - Knowledge - INFO - Found code_base: <app.utils.kg_build.knowledge.KnowledgeCodeBase object at 0x7fe9b031a590>
2025-08-29 08:58:47,311 - Knowledge - INFO - process ingested knowledge for /app/data/b2c/13862/b9117v4/meta-rdk-13862/recipes-common/debug-tools/files/debug-tools_download.sh
2025-08-29 08:58:47,335 - Knowledge - INFO - Found code-base-name: https://github.com/kavia-common/meta-rdk-13862.git:kavia-master
2025-08-29 08:58:47,335 - Knowledge - INFO - Found code_base: <app.utils.kg_build.knowledge.KnowledgeCodeBase object at 0x7fe9b031a590>
2025-08-29 08:58:47,335 - Knowledge - INFO - process ingested knowledge for /app/data/b2c/13862/b9117v4/meta-rdk-13862/recipes-benchmark/stress-ng/files/openssl-ptest-perf_stats.sh
2025-08-29 08:58:47,371 - Knowledge - INFO - Found code-base-name: https://github.com/kavia-common/meta-rdk-13862.git:kavia-master
2025-08-29 08:58:47,372 - Knowledge - INFO - Found code_base: <app.utils.kg_build.knowledge.KnowledgeCodeBase object at 0x7fe9b031a590>
2025-08-29 08:58:47,383 - Knowledge - INFO - process ingested knowledge for /app/data/b2c/13862/b9117v4/meta-rdk-13862/recipes-core/images/rdk-generic-media-common.inc
2025-08-29 08:58:47,406 - Knowledge - INFO - Found code-base-name: https://github.com/kavia-common/meta-rdk-13862.git:kavia-master
2025-08-29 08:58:47,407 - Knowledge - INFO - Found code_base: <app.utils.kg_build.knowledge.KnowledgeCodeBase object at 0x7fe9b031a590>
2025-08-29 08:58:47,409 - Knowledge - INFO - process ingested knowledge for /app/data/b2c/13862/b9117v4/meta-rdk-13862/conf/distro/include/license_flags_accepted.inc
2025-08-29 08:58:47,423 - Knowledge - INFO - Found code-base-name: https://github.com/kavia-common/meta-rdk-13862.git:kavia-master
2025-08-29 08:58:47,423 - Knowledge - INFO - Found code_base: <app.utils.kg_build.knowledge.KnowledgeCodeBase object at 0x7fe9b031a590>
2025-08-29 08:58:47,423 - Knowledge - INFO - process ingested knowledge for /app/data/b2c/13862/b9117v4/meta-rdk-13862/recipes-extended/webkitbrowser-plugin/include/webkitbrowser_memorylimits.uhd.inc
2025-08-29 08:58:47,436 - Knowledge - INFO - Found code-base-name: https://github.com/kavia-common/meta-rdk-13862.git:kavia-master
2025-08-29 08:58:47,436 - Knowledge - INFO - Found code_base: <app.utils.kg_build.knowledge.KnowledgeCodeBase object at 0x7fe9b031a590>
2025-08-29 08:58:47,440 - Knowledge - INFO - process ingested knowledge for /app/data/b2c/13862/b9117v4/meta-rdk-13862/conf/include/hashbase_whitelist.inc
2025-08-29 08:58:47,455 - Knowledge - INFO - Found code-base-name: https://github.com/kavia-common/meta-rdk-13862.git:kavia-master
2025-08-29 08:58:47,456 - Knowledge - INFO - Found code_base: <app.utils.kg_build.knowledge.KnowledgeCodeBase object at 0x7fe9b031a590>
2025-08-29 08:58:47,461 - Knowledge - INFO - process ingested knowledge for /app/data/b2c/13862/b9117v4/meta-rdk-13862/conf/distro/include/rdkv.inc
2025-08-29 08:58:47,471 - Knowledge - INFO - Found code-base-name: https://github.com/kavia-common/meta-rdk-13862.git:kavia-master
2025-08-29 08:58:47,472 - Knowledge - INFO - Found code_base: <app.utils.kg_build.knowledge.KnowledgeCodeBase object at 0x7fe9b031a590>
2025-08-29 08:58:47,474 - Knowledge - INFO - process ingested knowledge for /app/data/b2c/13862/b9117v4/meta-rdk-13862/conf/distro/include/rdk-versions.inc
2025-08-29 08:58:47,488 - Knowledge - INFO - Found code-base-name: https://github.com/kavia-common/meta-rdk-13862.git:kavia-master
2025-08-29 08:58:47,488 - Knowledge - INFO - Found code_base: <app.utils.kg_build.knowledge.KnowledgeCodeBase object at 0x7fe9b031a590>
2025-08-29 08:58:47,491 - Knowledge - INFO - process ingested knowledge for /app/data/b2c/13862/b9117v4/meta-rdk-13862/conf/distro/include/setscene_enforce_whitelist.inc
2025-08-29 08:58:47,512 - Knowledge - INFO - Found code-base-name: https://github.com/kavia-common/meta-rdk-13862.git:kavia-master
2025-08-29 08:58:47,512 - Knowledge - INFO - Found code_base: <app.utils.kg_build.knowledge.KnowledgeCodeBase object at 0x7fe9b031a590>
2025-08-29 08:58:47,512 - Knowledge - INFO - process ingested knowledge for /app/data/b2c/13862/b9117v4/meta-rdk-13862/recipes-benchmark/stress-ng/files/capture-proc-metrics.sh
2025-08-29 08:58:47,535 - Knowledge - INFO - Found code-base-name: https://github.com/kavia-common/meta-rdk-13862.git:kavia-master
2025-08-29 08:58:47,535 - Knowledge - INFO - Found code_base: <app.utils.kg_build.knowledge.KnowledgeCodeBase object at 0x7fe9b031a590>
2025-08-29 08:58:47,537 - Knowledge - INFO - process ingested knowledge for /app/data/b2c/13862/b9117v4/meta-rdk-13862/conf/distro/include/rdkb.inc
2025-08-29 08:58:47,549 - Knowledge - INFO - Found code-base-name: https://github.com/kavia-common/meta-rdk-13862.git:kavia-master
2025-08-29 08:58:47,549 - Knowledge - INFO - Found code_base: <app.utils.kg_build.knowledge.KnowledgeCodeBase object at 0x7fe9b031a590>
2025-08-29 08:58:47,551 - Knowledge - INFO - process ingested knowledge for /app/data/b2c/13862/b9117v4/meta-rdk-13862/conf/distro/include/rdkb_backtrace_log.inc
2025-08-29 08:58:47,563 - Knowledge - INFO - Found code-base-name: https://github.com/kavia-common/meta-rdk-13862.git:kavia-master
2025-08-29 08:58:47,563 - Knowledge - INFO - Found code_base: <app.utils.kg_build.knowledge.KnowledgeCodeBase object at 0x7fe9b031a590>
2025-08-29 08:58:47,564 - Knowledge - INFO - process ingested knowledge for /app/data/b2c/13862/b9117v4/meta-rdk-13862/CONTRIBUTING.md
2025-08-29 08:58:47,590 - Knowledge - INFO - Found code-base-name: https://github.com/kavia-common/meta-rdk-13862.git:kavia-master
2025-08-29 08:58:47,591 - Knowledge - INFO - Found code_base: <app.utils.kg_build.knowledge.KnowledgeCodeBase object at 0x7fe9b031a590>
2025-08-29 08:58:47,594 - Knowledge - INFO - process ingested knowledge for /app/data/b2c/13862/b9117v4/meta-rdk-13862/conf/distro/include/setscene_enforce_ignore_tasks.inc
2025-08-29 08:58:47,622 - Knowledge - INFO - Found code-base-name: https://github.com/kavia-common/meta-rdk-13862.git:kavia-master
2025-08-29 08:58:47,622 - Knowledge - INFO - Found code_base: <app.utils.kg_build.knowledge.KnowledgeCodeBase object at 0x7fe9b031a590>
2025-08-29 08:58:47,643 - Knowledge - INFO - process ingested knowledge for /app/data/b2c/13862/b9117v4/meta-rdk-13862/recipes-common/sys_mon_tools/sys_mon_tools.inc
2025-08-29 08:58:47,694 - Knowledge - INFO - Found code-base-name: https://github.com/kavia-common/meta-rdk-13862.git:kavia-master
2025-08-29 08:58:47,694 - Knowledge - INFO - Found code_base: <app.utils.kg_build.knowledge.KnowledgeCodeBase object at 0x7fe9b031a590>
2025-08-29 08:58:47,698 - Knowledge - INFO - process ingested knowledge for /app/data/b2c/13862/b9117v4/meta-rdk-13862/conf/conf-notes.txt
2025-08-29 08:58:47,721 - Knowledge - INFO - Found code-base-name: https://github.com/kavia-common/meta-rdk-13862.git:kavia-master
2025-08-29 08:58:47,721 - Knowledge - INFO - Found code_base: <app.utils.kg_build.knowledge.KnowledgeCodeBase object at 0x7fe9b031a590>
2025-08-29 08:58:47,721 - Knowledge - INFO - process ingested knowledge for /app/data/b2c/13862/b9117v4/meta-rdk-13862/recipes-extended/webkitbrowser-plugin/include/webkitbrowser_memorylimits.default.inc
2025-08-29 08:58:47,734 - Knowledge - INFO - Found code-base-name: https://github.com/kavia-common/meta-rdk-13862.git:kavia-master
2025-08-29 08:58:47,734 - Knowledge - INFO - Found code_base: <app.utils.kg_build.knowledge.KnowledgeCodeBase object at 0x7fe9b031a590>
2025-08-29 08:58:47,736 - Knowledge - INFO - process ingested knowledge for /app/data/b2c/13862/b9117v4/meta-rdk-13862/conf/distro/include/license_flags_whitelist.inc
2025-08-29 08:58:47,747 - Knowledge - INFO - Found code-base-name: https://github.com/kavia-common/meta-rdk-13862.git:kavia-master
2025-08-29 08:58:47,747 - Knowledge - INFO - Found code_base: <app.utils.kg_build.knowledge.KnowledgeCodeBase object at 0x7fe9b031a590>
2025-08-29 08:58:47,749 - Knowledge - INFO - process ingested knowledge for /app/data/b2c/13862/b9117v4/meta-rdk-13862/recipes-core/images/rdk-esdk-override.inc
2025-08-29 08:58:47,755 - Knowledge - INFO - load persisted knowledge: end
2025-08-29 08:58:47,755 - Knowledge - INFO - load persisted docinfo: begin
2025-08-29 08:58:47,757 - Knowledge - INFO - load persisted docinfo: end
2025-08-29 08:58:48,583 - Knowledge - INFO - worker kw1 created with dedicated MongoDB connection (total: 1)
2025-08-29 08:58:48,583 - Knowledge - INFO - knowledge worker kw1 start
2025-08-29 08:58:48,585 - Knowledge - INFO - Knowledge creation complete
2025-08-29 08:58:48,588 - Knowledge - INFO - Updating org costs, total cost: 0
2025-08-29 08:58:48,596 - Knowledge - INFO - Saving knowledge to Redis...
2025-08-29 08:58:48,621 - Knowledge - INFO - Knowledge saved to Redis successfully
